,analysisVersion,interfaceVersion,file,detectionType,cellType,sex,condition,sweep,sweepSpikeNumber,spikeNumber,include,userType,errors,dvdtThreshold,mvThreshold,medianFilter,halfHeights,thresholdPnt,thresholdSec,thresholdVal,thresholdVal_dvdt,dacCommand,peakPnt,peakSec,peakVal,peakHeight,timeToPeak_ms,preMinPnt,preMinVal,preLinearFitPnt0,preLinearFitPnt1,earlyDiastolicDuration_ms,preLinearFitVal0,preLinearFitVal1,earlyDiastolicDurationRate,lateDiastolicDuration,preSpike_dvdt_max_pnt,preSpike_dvdt_max_val,preSpike_dvdt_max_val2,postSpike_dvdt_min_pnt,postSpike_dvdt_min_val,postSpike_dvdt_min_val2,isi_pnts,isi_ms,spikeFreq_hz,cycleLength_pnts,cycleLength_ms,diastolicDuration_ms,widths,widths_10,widths_20,widths_50,widths_80,widths_90,myDateStr,fileIdx
0,20210803a,20210803a,cell.tif,mv,,,Control,0,0,0,True,0,"[{'Spike': 0, 'Seconds': 0.1995, 'Type': 'Pre spike min (mdp)', 'Details': 'Did not find preMinVal: nan'}, {'Spike': 0, 'Seconds': 0.1995, 'Type': 'Fit EDD', 'Details': 'Early diastolic duration rate fit - preMinPnt == spikePnt'}]",,1.2,0,"[10, 20, 50, 80, 90]",41,0.199465,1.1652680873232197,-0.0025285169506552465,0.0,57,0.277305,1.5860673828629321,0.4207992955397124,77.84000000000002,,,40,40,0.0,1.1778825555231784,1.1778825555231784,,,45,1.3656653263274308,0.01684439421955371,59,1.571326038681232,-0.002242912149865848,,,,,,4.865,"[{'halfHeight': 10, 'risingPnt': 44, 'fallingPnt': 125, 'widthPnts': 81, 'widthMs': 394.065}, {'halfHeight': 20, 'risingPnt': 44, 'fallingPnt': 120, 'widthPnts': 76, 'widthMs': 369.74}, {'halfHeight': 50, 'risingPnt': 46, 'fallingPnt': 94, 'widthPnts': 48, 'widthMs': 233.52}, {'halfHeight': 80, 'risingPnt': 48, 'fallingPnt': 72, 'widthPnts': 24, 'widthMs': 116.76}, {'halfHeight': 90, 'risingPnt': 51, 'fallingPnt': 68, 'widthPnts': 17, 'widthMs': 82.705}]",394.065,369.74,233.52,116.76,82.705,feb-15-2022,0
1,20210803a,20210803a,cell.tif,mv,,,Control,0,1,1,True,0,"[{'Spike': 1, 'Seconds': 0.7833, 'Type': 'Pre spike min (mdp)', 'Details': 'Did not find preMinVal: nan'}, {'Spike': 1, 'Seconds': 0.7833, 'Type': 'Fit EDD', 'Details': 'Early diastolic duration rate fit - Too low 0.664<=8'}]",,1.2,0,"[10, 20, 50, 80, 90]",161,0.783265,1.0531419690283246,-0.0013483773110755549,0.0,192,0.93408,1.8678565491472998,0.8147145801189752,150.81500000000003,,,158,160,9.73,1.056317242351603,1.058252849524523,0.663648646510886,,166,1.3786553961062427,0.01991453657589818,194,1.863576410079722,-0.000529714597756785,120.0,583.8,1.7129153819801302,,,14.595,"[{'halfHeight': 10, 'risingPnt': 164, 'fallingPnt': 276, 'widthPnts': 112, 'widthMs': 544.88}, {'halfHeight': 20, 'risingPnt': 165, 'fallingPnt': 270, 'widthPnts': 105, 'widthMs': 510.825}, {'halfHeight': 50, 'risingPnt': 167, 'fallingPnt': 251, 'widthPnts': 84, 'widthMs': 408.65999999999997}, {'halfHeight': 80, 'risingPnt': 173, 'fallingPnt': 230, 'widthPnts': 57, 'widthMs': 277.305}, {'halfHeight': 90, 'risingPnt': 177, 'fallingPnt': 220, 'widthPnts': 43, 'widthMs': 209.195}]",544.88,510.825,408.65999999999997,277.305,209.195,feb-15-2022,0
2,20210803a,20210803a,cell.tif,mv,,,Control,0,2,2,True,0,"[{'Spike': 2, 'Seconds': 1.3622, 'Type': 'Pre spike min (mdp)', 'Details': 'Did not find preMinVal: nan'}, {'Spike': 2, 'Seconds': 1.3622, 'Type': 'Fit EDD', 'Details': 'Early diastolic duration rate fit - Too low 0.908<=8'}]",,1.2,0,"[10, 20, 50, 80, 90]",280,1.3622,1.1122514947352067,-0.0019156387815687402,0.0,302,1.46923,1.55510965538065,0.44285816064544337,107.02999999999996,,,277,279,9.73,1.1177437065814333,1.123334681588699,0.9083579466171059,,284,1.291528344838738,0.017217067774601535,304,1.5430383845664082,-0.0014781024404509542,119.0,578.935,1.7273096288875263,,,14.595,"[{'halfHeight': 10, 'risingPnt': 283, 'fallingPnt': 372, 'widthPnts': 89, 'widthMs': 432.985}, {'halfHeight': 20, 'risingPnt': 283, 'fallingPnt': 366, 'widthPnts': 83, 'widthMs': 403.795}, {'halfHeight': 50, 'risingPnt': 285, 'fallingPnt': 342, 'widthPnts': 57, 'widthMs': 277.305}, {'halfHeight': 80, 'risingPnt': 288, 'fallingPnt': 322, 'widthPnts': 34, 'widthMs': 165.41}, {'halfHeight': 90, 'risingPnt': 292, 'fallingPnt': 311, 'widthPnts': 19, 'widthMs': 92.435}]",432.985,403.795,277.305,165.41,92.435,feb-15-2022,0
3,20210803a,20210803a,cell.tif,mv,,,Control,0,3,3,True,0,"[{'Spike': 3, 'Seconds': 1.946, 'Type': 'Pre spike min (mdp)', 'Details': 'Did not find preMinVal: nan'}, {'Spike': 3, 'Seconds': 1.946, 'Type': 'Fit EDD', 'Details': 'Early diastolic duration rate fit - preMinPnt == spikePnt'}, {'Spike': 3, 'Seconds': 1.946, 'Type': 'Spike Width', 'Details': 'Half width 10 error in ""falling point"" with halfWidthWindow_ms:797.86 searching for Vm:1.09 from peak sec 2.13'}]",,1.2,0,"[10, 20, 50, 80, 90]",400,1.946,1.0027612973558986,-7.119210466012545e-05,0.0,438,2.13087,1.8308352159275565,0.8280739185716579,184.86999999999986,,,399,399,0.0,0.998413833477017,0.998413833477017,,,404,1.2629207282388373,0.019630252541625398,440,1.8162622214699797,-0.003268589849974574,120.0,583.8,1.7129153819801302,,,4.865,"[{'halfHeight': 10, 'risingPnt': None, 'fallingPnt': None, 'widthPnts': None, 'widthMs': nan}, {'halfHeight': 20, 'risingPnt': 403, 'fallingPnt': 511, 'widthPnts': 108, 'widthMs': 525.42}, {'halfHeight': 50, 'risingPnt': 407, 'fallingPnt': 489, 'widthPnts': 82, 'widthMs': 398.93}, {'halfHeight': 80, 'risingPnt': 413, 'fallingPnt': 468, 'widthPnts': 55, 'widthMs': 267.575}, {'halfHeight': 90, 'risingPnt': 417, 'fallingPnt': 457, 'widthPnts': 40, 'widthMs': 194.6}]",,525.42,398.93,267.575,194.6,feb-15-2022,0
4,20210803a,20210803a,cell.tif,mv,,,Control,0,4,4,True,0,"[{'Spike': 4, 'Seconds': 2.5249, 'Type': 'Pre spike min (mdp)', 'Details': 'Did not find preMinVal: nan'}, {'Spike': 4, 'Seconds': 2.5249, 'Type': 'Fit EDD', 'Details': 'Early diastolic duration rate fit - preMinPnt == spikePnt'}]",,1.2,0,"[10, 20, 50, 80, 90]",519,2.524935,1.0972581914052673,-0.0007962256220590753,0.0,547,2.661155,1.5398626588927737,0.4426044674875065,136.2199999999998,,,518,518,0.0,1.0988131457536925,1.0988131457536925,,,523,1.2900101816525935,0.017604901586279496,550,1.5195404421950895,-0.002070176876534418,119.0,578.935,1.7273096288875263,,,4.865,"[{'halfHeight': 10, 'risingPnt': 521, 'fallingPnt': 615, 'widthPnts': 94, 'widthMs': 457.31}, {'halfHeight': 20, 'risingPnt': 522, 'fallingPnt': 610, 'widthPnts': 88, 'widthMs': 428.12}, {'halfHeight': 50, 'risingPnt': 524, 'fallingPnt': 590, 'widthPnts': 66, 'widthMs': 321.09}, {'halfHeight': 80, 'risingPnt': 527, 'fallingPnt': 565, 'widthPnts': 38, 'widthMs': 184.87}, {'halfHeight': 90, 'risingPnt': 530, 'fallingPnt': 557, 'widthPnts': 27, 'widthMs': 131.355}]",457.31,428.12,321.09,184.87,131.355,feb-15-2022,0
5,20210803a,20210803a,cell.tif,mv,,,Control,0,5,5,True,0,"[{'Spike': 5, 'Seconds': 3.099, 'Type': 'Pre spike min (mdp)', 'Details': 'Did not find preMinVal: nan'}, {'Spike': 5, 'Seconds': 3.099, 'Type': 'Fit EDD', 'Details': 'Early diastolic duration rate fit - preMinPnt == spikePnt'}]",,1.2,0,"[10, 20, 50, 80, 90]",637,3.099005,1.0158315085394318,-0.001290464599430925,0.0,669,3.254685,1.7857818743966294,0.7699503658571976,155.6799999999998,,,636,636,0.0,1.023272747285803,1.023272747285803,,,643,1.3056661028622085,0.02092071536999832,670,1.7790444174123212,-0.0007776684761512289,118.0,574.0699999999999,1.7419478460814883,,,4.865,"[{'halfHeight': 10, 'risingPnt': 641, 'fallingPnt': 753, 'widthPnts': 112, 'widthMs': 544.88}, {'halfHeight': 20, 'risingPnt': 642, 'fallingPnt': 745, 'widthPnts': 103, 'widthMs': 501.09499999999997}, {'halfHeight': 50, 'risingPnt': 645, 'fallingPnt': 726, 'widthPnts': 81, 'widthMs': 394.065}, {'halfHeight': 80, 'risingPnt': 652, 'fallingPnt': 704, 'widthPnts': 52, 'widthMs': 252.98}, {'halfHeight': 90, 'risingPnt': 656, 'fallingPnt': 692, 'widthPnts': 36, 'widthMs': 175.14}]",544.88,501.09499999999997,394.065,252.98,175.14,feb-15-2022,0
6,20210803a,20210803a,cell.tif,mv,,,Control,0,6,6,True,0,"[{'Spike': 6, 'Seconds': 3.6877, 'Type': 'Pre spike min (mdp)', 'Details': 'Did not find preMinVal: nan'}, {'Spike': 6, 'Seconds': 3.6877, 'Type': 'Fit EDD', 'Details': 'Early diastolic duration rate fit - Too low 0.67<=8'}]",,1.2,0,"[10, 20, 50, 80, 90]",758,3.6876700000000002,1.069958244292563,-0.0010316067595869686,0.0,784,3.8141599999999998,1.5631259068211032,0.49316766252854016,126.48999999999955,,,754,756,9.73,1.078089769682046,1.085499720862134,0.6695064209037036,,762,1.315230749570926,0.018928645251389053,785,1.5552308098843068,-0.0015253591387685461,121.0,588.665,1.69875905650922,,,19.46,"[{'halfHeight': 10, 'risingPnt': 760, 'fallingPnt': 863, 'widthPnts': 103, 'widthMs': 501.09499999999997}, {'halfHeight': 20, 'risingPnt': 761, 'fallingPnt': 854, 'widthPnts': 93, 'widthMs': 452.445}, {'halfHeight': 50, 'risingPnt': 762, 'fallingPnt': 835, 'widthPnts': 73, 'widthMs': 355.145}, {'halfHeight': 80, 'risingPnt': 767, 'fallingPnt': 808, 'widthPnts': 41, 'widthMs': 199.465}, {'halfHeight': 90, 'risingPnt': 769, 'fallingPnt': 798, 'widthPnts': 29, 'widthMs': 141.085}]",501.09499999999997,452.445,355.145,199.465,141.085,feb-15-2022,0
7,20210803a,20210803a,cell.tif,mv,,,Control,0,7,7,True,0,"[{'Spike': 7, 'Seconds': 4.2715, 'Type': 'Pre spike min (mdp)', 'Details': 'Did not find preMinVal: nan'}, {'Spike': 7, 'Seconds': 4.2715, 'Type': 'Fit EDD', 'Details': 'Early diastolic duration rate fit - preMinPnt == spikePnt'}]",,1.2,0,"[10, 20, 50, 80, 90]",878,4.27147,1.011632566360739,-0.0017893858114366886,0.0,909,4.422285,1.7519574519255225,0.7403248855647835,150.8149999999997,,,877,877,0.0,1.0188755248677719,1.0188755248677719,,,882,1.2498051312362615,0.019166899487785938,911,1.7366829374576618,-0.0019300485523639473,120.0,583.8,1.7129153819801302,,,4.865,"[{'halfHeight': 10, 'risingPnt': 881, 'fallingPnt': 990, 'widthPnts': 109, 'widthMs': 530.285}, {'halfHeight': 20, 'risingPnt': 881, 'fallingPnt': 982, 'widthPnts': 101, 'widthMs': 491.365}, {'halfHeight': 50, 'risingPnt': 885, 'fallingPnt': 964, 'widthPnts': 79, 'widthMs': 384.335}, {'halfHeight': 80, 'risingPnt': 892, 'fallingPnt': 943, 'widthPnts': 51, 'widthMs': 248.115}, {'halfHeight': 90, 'risingPnt': 896, 'fallingPnt': 932, 'widthPnts': 36, 'widthMs': 175.14}]",530.285,491.365,384.335,248.115,175.14,feb-15-2022,0
8,20210803a,20210803a,control 2.5_0012.tif,mv,,,Control,0,0,0,True,0,"[{'Spike': 0, 'Seconds': 0.0971, 'Type': 'Pre spike min (mdp)', 'Details': 'Did not find preMinVal: nan'}, {'Spike': 0, 'Seconds': 0.0971, 'Type': 'Fit EDD', 'Details': 'Early diastolic duration rate fit - Too low 0.376<=8'}]",,1.15,0,"[10, 20, 50, 80, 90]",24,0.097104,1.1306995330728777,-0.002467592053752723,0.0,36,0.145656,1.2963780106637242,0.16567847759084642,48.552000000000014,,,19,21,8.092,1.1261201346094079,1.135348480122555,0.3760776778873483,,27,1.2230253987442476,0.01072937121123413,39,1.282399449720307,-0.0016621120158515782,,,,,,20.23,"[{'halfHeight': 10, 'risingPnt': 26, 'fallingPnt': 80, 'widthPnts': 54, 'widthMs': 218.484}, {'halfHeight': 20, 'risingPnt': 26, 'fallingPnt': 74, 'widthPnts': 48, 'widthMs': 194.208}, {'halfHeight': 50, 'risingPnt': 27, 'fallingPnt': 62, 'widthPnts': 35, 'widthMs': 141.61}, {'halfHeight': 80, 'risingPnt': 29, 'fallingPnt': 46, 'widthPnts': 17, 'widthMs': 68.782}, {'halfHeight': 90, 'risingPnt': 30, 'fallingPnt': 40, 'widthPnts': 10, 'widthMs': 40.46}]",218.484,194.208,141.61,68.782,40.46,feb-15-2022,1
9,20210803a,20210803a,control 2.5_0012.tif,mv,,,Control,0,1,1,True,0,"[{'Spike': 1, 'Seconds': 0.3844, 'Type': 'Pre spike min (mdp)', 'Details': 'Did not find preMinVal: nan'}, {'Spike': 1, 'Seconds': 0.3844, 'Type': 'Fit EDD', 'Details': 'Early diastolic duration rate fit - Too low 0.751<=8'}]",,1.15,0,"[10, 20, 50, 80, 90]",95,0.38437,1.105772473914874,-0.0002013067519024003,0.0,109,0.441014,1.2957306918968254,0.18995821798195145,56.64400000000003,,,92,94,8.092,1.0964820985815957,1.1007482934456911,0.7507325788894732,,99,1.1824379246560892,0.008996589908977436,111,1.2760207165501543,-0.00234761587440767,71.0,287.266,3.481094177521878,,,12.138,"[{'halfHeight': 10, 'risingPnt': 98, 'fallingPnt': 160, 'widthPnts': 62, 'widthMs': 250.852}, {'halfHeight': 20, 'risingPnt': 98, 'fallingPnt': 158, 'widthPnts': 60, 'widthMs': 242.76000000000002}, {'halfHeight': 50, 'risingPnt': 100, 'fallingPnt': 136, 'widthPnts': 36, 'widthMs': 145.656}, {'halfHeight': 80, 'risingPnt': 104, 'fallingPnt': 118, 'widthPnts': 14, 'widthMs': 56.644}, {'halfHeight': 90, 'risingPnt': 107, 'fallingPnt': 111, 'widthPnts': 4, 'widthMs': 16.184}]",250.852,242.76000000000002,145.656,56.644,16.184,feb-15-2022,1
10,20210803a,20210803a,control 2.5_0012.tif,mv,,,Control,0,2,2,True,0,"[{'Spike': 2, 'Seconds': 0.6757, 'Type': 'Pre spike min (mdp)', 'Details': 'Did not find preMinVal: nan'}, {'Spike': 2, 'Seconds': 0.6757, 'Type': 'Fit EDD', 'Details': 'Early diastolic duration rate fit - Too low 0.957<=8'}]",,1.15,0,"[10, 20, 50, 80, 90]",167,0.675682,1.1182970934682475,-0.0006433797074654312,0.0,176,0.712096,1.2734180486804851,0.15512095521223768,36.413999999999945,,,163,165,8.092,1.1033958389503795,1.1194567456548281,0.9570352272364548,,171,1.1990164514126165,0.007074787512481418,178,1.2536668376011133,-0.0021095641465302658,72.0,291.312,3.432745647278519,,,16.184,"[{'halfHeight': 10, 'risingPnt': 169, 'fallingPnt': 225, 'widthPnts': 56, 'widthMs': 226.576}, {'halfHeight': 20, 'risingPnt': 170, 'fallingPnt': 216, 'widthPnts': 46, 'widthMs': 186.116}, {'halfHeight': 50, 'risingPnt': 171, 'fallingPnt': 206, 'widthPnts': 35, 'widthMs': 141.61}, {'halfHeight': 80, 'risingPnt': 174, 'fallingPnt': 189, 'widthPnts': 15, 'widthMs': 60.690000000000005}, {'halfHeight': 90, 'risingPnt': 174, 'fallingPnt': 178, 'widthPnts': 4, 'widthMs': 16.184}]",226.576,186.116,141.61,60.690000000000005,16.184,feb-15-2022,1
11,20210803a,20210803a,control 2.5_0012.tif,mv,,,Control,0,3,3,True,0,"[{'Spike': 3, 'Seconds': 0.967, 'Type': 'Pre spike min (mdp)', 'Details': 'Did not find preMinVal: nan'}, {'Spike': 3, 'Seconds': 0.967, 'Type': 'Fit EDD', 'Details': 'Early diastolic duration rate fit - preMinPnt == spikePnt'}]",,1.15,0,"[10, 20, 50, 80, 90]",239,0.966994,1.0700739599872409,-0.002272888977655403,0.0,253,1.023638,1.2491178666441094,0.17904390665686853,56.64400000000003,,,238,238,0.0,1.0798709121849233,1.0798709121849233,,,243,1.1871505462559768,0.011069228225094757,256,1.2235999969455005,-0.002821586409246002,72.0,291.312,3.432745647278519,,,4.046,"[{'halfHeight': 10, 'risingPnt': 241, 'fallingPnt': 297, 'widthPnts': 56, 'widthMs': 226.576}, {'halfHeight': 20, 'risingPnt': 242, 'fallingPnt': 291, 'widthPnts': 49, 'widthMs': 198.25400000000002}, {'halfHeight': 50, 'risingPnt': 243, 'fallingPnt': 278, 'widthPnts': 35, 'widthMs': 141.61}, {'halfHeight': 80, 'risingPnt': 244, 'fallingPnt': 263, 'widthPnts': 19, 'widthMs': 76.87400000000001}, {'halfHeight': 90, 'risingPnt': 245, 'fallingPnt': 256, 'widthPnts': 11, 'widthMs': 44.506}]",226.576,198.25400000000002,141.61,76.87400000000001,44.506,feb-15-2022,1
12,20210803a,20210803a,control 2.5_0012.tif,mv,,,Control,0,4,4,True,0,"[{'Spike': 4, 'Seconds': 1.2502, 'Type': 'Pre spike min (mdp)', 'Details': 'Did not find preMinVal: nan'}, {'Spike': 4, 'Seconds': 1.2502, 'Type': 'Fit EDD', 'Details': 'Early diastolic duration rate fit - preMinPnt == spikePnt'}]",,1.15,0,"[10, 20, 50, 80, 90]",309,1.250214,1.0624326615198356,-0.0012318825371471424,0.0,321,1.298766,1.23123248435891,0.16879982283907435,48.55200000000015,,,308,308,0.0,1.0718534404522533,1.0718534404522533,,,314,1.137737568043364,0.007333974321365275,323,1.231088335515537,-0.001401893175221288,70.0,283.22,3.5308240943436195,,,4.046,"[{'halfHeight': 10, 'risingPnt': 311, 'fallingPnt': 379, 'widthPnts': 68, 'widthMs': 275.128}, {'halfHeight': 20, 'risingPnt': 313, 'fallingPnt': 371, 'widthPnts': 58, 'widthMs': 234.668}, {'halfHeight': 50, 'risingPnt': 315, 'fallingPnt': 356, 'widthPnts': 41, 'widthMs': 165.886}, {'halfHeight': 80, 'risingPnt': 317, 'fallingPnt': 337, 'widthPnts': 20, 'widthMs': 80.92}, {'halfHeight': 90, 'risingPnt': 318, 'fallingPnt': 333, 'widthPnts': 15, 'widthMs': 60.690000000000005}]",275.128,234.668,165.886,80.92,60.690000000000005,feb-15-2022,1
13,20210803a,20210803a,control 2.5_0012.tif,mv,,,Control,0,5,5,True,0,"[{'Spike': 5, 'Seconds': 1.5496, 'Type': 'Pre spike min (mdp)', 'Details': 'Did not find preMinVal: nan'}, {'Spike': 5, 'Seconds': 1.5496, 'Type': 'Fit EDD', 'Details': 'Early diastolic duration rate fit - Too low 1.32<=8'}]",,1.15,0,"[10, 20, 50, 80, 90]",383,1.549618,1.066180766408972,-0.0014850646468504204,0.0,391,1.5819860000000001,1.2354122134131256,0.1692314470041536,32.36800000000017,,,379,381,8.092,1.0729886566490852,1.0850204445822877,1.3196981516352904,,385,1.1260749045322291,0.00999248892977759,393,1.224961598489667,-0.001019319670505582,74.0,299.404,3.3399687378926135,,,16.184,"[{'halfHeight': 10, 'risingPnt': 384, 'fallingPnt': 438, 'widthPnts': 54, 'widthMs': 218.484}, {'halfHeight': 20, 'risingPnt': 385, 'fallingPnt': 437, 'widthPnts': 52, 'widthMs': 210.392}, {'halfHeight': 50, 'risingPnt': 386, 'fallingPnt': 421, 'widthPnts': 35, 'widthMs': 141.61}, {'halfHeight': 80, 'risingPnt': 389, 'fallingPnt': 396, 'widthPnts': 7, 'widthMs': 28.322}, {'halfHeight': 90, 'risingPnt': 389, 'fallingPnt': 396, 'widthPnts': 7, 'widthMs': 28.322}]",218.484,210.392,141.61,28.322,28.322,feb-15-2022,1
14,20210803a,20210803a,control 2.5_0012.tif,mv,,,Control,0,6,6,True,0,"[{'Spike': 6, 'Seconds': 1.8409, 'Type': 'Pre spike min (mdp)', 'Details': 'Did not find preMinVal: nan'}, {'Spike': 6, 'Seconds': 1.8409, 'Type': 'Fit EDD', 'Details': 'Early diastolic duration rate fit - Too low 1.824<=8'}]",,1.15,0,"[10, 20, 50, 80, 90]",455,1.84093,1.0654552054825897,-0.0003290895379467713,0.0,466,1.8854360000000001,1.2165235457795927,0.151068340297003,44.50600000000016,,,451,453,8.092,1.0623203499515679,1.0770759283767035,1.8244935832347713,,457,1.1271746415516375,0.009142361074730631,468,1.2037377665857805,-0.0017195996684793617,72.0,291.312,3.432745647278519,,,16.184,"[{'halfHeight': 10, 'risingPnt': 456, 'fallingPnt': 509, 'widthPnts': 53, 'widthMs': 214.43800000000002}, {'halfHeight': 20, 'risingPnt': 457, 'fallingPnt': 505, 'widthPnts': 48, 'widthMs': 194.208}, {'halfHeight': 50, 'risingPnt': 458, 'fallingPnt': 492, 'widthPnts': 34, 'widthMs': 137.564}, {'halfHeight': 80, 'risingPnt': 460, 'fallingPnt': 476, 'widthPnts': 16, 'widthMs': 64.736}, {'halfHeight': 90, 'risingPnt': 461, 'fallingPnt': 472, 'widthPnts': 11, 'widthMs': 44.506}]",214.43800000000002,194.208,137.564,64.736,44.506,feb-15-2022,1
15,20210803a,20210803a,control 2.5_0012.tif,mv,,,Control,0,7,7,True,0,"[{'Spike': 7, 'Seconds': 2.1282, 'Type': 'Pre spike min (mdp)', 'Details': 'Did not find preMinVal: nan'}, {'Spike': 7, 'Seconds': 2.1282, 'Type': 'Fit EDD', 'Details': 'Early diastolic duration rate fit - Too low -0.712<=8'}]",,1.15,0,"[10, 20, 50, 80, 90]",526,2.128196,1.0423973820596362,-0.0001313359950234266,0.0,538,2.176748,1.2166839069623179,0.1742865249026817,48.55199999999993,,,515,520,20.23,1.0551177244924386,1.0541769388871163,-0.7120969273919522,,529,1.1085565320161388,0.007813409480893128,540,1.1880774691363456,-0.0042975195661985235,71.0,287.266,3.481094177521878,,,48.552,"[{'halfHeight': 10, 'risingPnt': 528, 'fallingPnt': 591, 'widthPnts': 63, 'widthMs': 254.898}, {'halfHeight': 20, 'risingPnt': 528, 'fallingPnt': 587, 'widthPnts': 59, 'widthMs': 238.714}, {'halfHeight': 50, 'risingPnt': 530, 'fallingPnt': 568, 'widthPnts': 38, 'widthMs': 153.74800000000002}, {'halfHeight': 80, 'risingPnt': 533, 'fallingPnt': 541, 'widthPnts': 8, 'widthMs': 32.368}, {'halfHeight': 90, 'risingPnt': 534, 'fallingPnt': 540, 'widthPnts': 6, 'widthMs': 24.276}]",254.898,238.714,153.74800000000002,32.368,24.276,feb-15-2022,1
16,20210803a,20210803a,control 2.5_0012.tif,mv,,,Control,0,8,8,True,0,"[{'Spike': 8, 'Seconds': 2.4114, 'Type': 'Pre spike min (mdp)', 'Details': 'Did not find preMinVal: nan'}, {'Spike': 8, 'Seconds': 2.4114, 'Type': 'Fit EDD', 'Details': 'Early diastolic duration rate fit - preMinPnt == spikePnt'}]",,1.15,0,"[10, 20, 50, 80, 90]",596,2.411416,1.0503371990364223,-0.0012289739332058567,0.0,614,2.4842440000000003,1.194497320558479,0.1441601215220567,72.82800000000034,,,595,595,0.0,1.058837634008788,1.058837634008788,,,600,1.1046170510342115,0.007076430135357586,616,1.1772273022843531,-0.003212684131159916,70.0,283.22,3.5308240943436195,,,4.046,"[{'halfHeight': 10, 'risingPnt': 599, 'fallingPnt': 652, 'widthPnts': 53, 'widthMs': 214.43800000000002}, {'halfHeight': 20, 'risingPnt': 599, 'fallingPnt': 646, 'widthPnts': 47, 'widthMs': 190.162}, {'halfHeight': 50, 'risingPnt': 600, 'fallingPnt': 637, 'widthPnts': 37, 'widthMs': 149.702}, {'halfHeight': 80, 'risingPnt': 603, 'fallingPnt': 617, 'widthPnts': 14, 'widthMs': 56.644}, {'halfHeight': 90, 'risingPnt': 605, 'fallingPnt': 616, 'widthPnts': 11, 'widthMs': 44.506}]",214.43800000000002,190.162,149.702,56.644,44.506,feb-15-2022,1
17,20210803a,20210803a,control 2.5_0012.tif,mv,,,Control,0,9,9,True,0,"[{'Spike': 9, 'Seconds': 2.7108, 'Type': 'Pre spike min (mdp)', 'Details': 'Did not find preMinVal: nan'}, {'Spike': 9, 'Seconds': 2.7108, 'Type': 'Fit EDD', 'Details': 'Early diastolic duration rate fit - preMinPnt == spikePnt'}]",,1.15,0,"[10, 20, 50, 80, 90]",670,2.71082,1.0203377923140582,-0.0008587018486959098,0.0,676,2.735096,1.214819722898225,0.19448193058416674,24.275999999999964,,,669,669,0.0,1.0231180910322848,1.0231180910322848,,,673,1.1334546909170362,0.011827843734574768,678,1.1971143210759816,-0.001957195112224446,74.0,299.404,3.3399687378926135,,,4.046,"[{'halfHeight': 10, 'risingPnt': 671, 'fallingPnt': 733, 'widthPnts': 62, 'widthMs': 250.852}, {'halfHeight': 20, 'risingPnt': 672, 'fallingPnt': 727, 'widthPnts': 55, 'widthMs': 222.53}, {'halfHeight': 50, 'risingPnt': 673, 'fallingPnt': 712, 'widthPnts': 39, 'widthMs': 157.794}, {'halfHeight': 80, 'risingPnt': 675, 'fallingPnt': 696, 'widthPnts': 21, 'widthMs': 84.96600000000001}, {'halfHeight': 90, 'risingPnt': 675, 'fallingPnt': 691, 'widthPnts': 16, 'widthMs': 64.736}]",250.852,222.53,157.794,84.96600000000001,64.736,feb-15-2022,1
18,20210803a,20210803a,control 2.5_0012.tif,mv,,,Control,0,10,10,True,0,"[{'Spike': 10, 'Seconds': 2.9981, 'Type': 'Pre spike min (mdp)', 'Details': 'Did not find preMinVal: nan'}, {'Spike': 10, 'Seconds': 2.9981, 'Type': 'Fit EDD', 'Details': 'Early diastolic duration rate fit - preMinPnt == spikePnt'}]",,1.15,0,"[10, 20, 50, 80, 90]",741,2.9980860000000003,1.016281652977225,-0.0013484506888279603,0.0,752,3.042592,1.19630111953252,0.180019466555295,44.505999999999716,,,740,740,0.0,1.0254593643000756,1.0254593643000756,,,745,1.1255577544030297,0.01088401005169604,754,1.1880801711929043,-0.0010666371646288427,71.0,287.266,3.481094177521878,,,4.046,"[{'halfHeight': 10, 'risingPnt': 743, 'fallingPnt': 808, 'widthPnts': 65, 'widthMs': 262.99}, {'halfHeight': 20, 'risingPnt': 744, 'fallingPnt': 800, 'widthPnts': 56, 'widthMs': 226.576}, {'halfHeight': 50, 'risingPnt': 745, 'fallingPnt': 786, 'widthPnts': 41, 'widthMs': 165.886}, {'halfHeight': 80, 'risingPnt': 746, 'fallingPnt': 766, 'widthPnts': 20, 'widthMs': 80.92}, {'halfHeight': 90, 'risingPnt': 749, 'fallingPnt': 763, 'widthPnts': 14, 'widthMs': 56.644}]",262.99,226.576,165.886,80.92,56.644,feb-15-2022,1
19,20210803a,20210803a,control 2.5_0013.tif,mv,,,Control,0,0,0,True,0,"[{'Spike': 0, 'Seconds': 0.2185, 'Type': 'Pre spike min (mdp)', 'Details': 'Did not find preMinVal: nan'}, {'Spike': 0, 'Seconds': 0.2185, 'Type': 'Fit EDD', 'Details': 'Early diastolic duration rate fit - Too low -0.184<=8'}]",,1.15,0,"[10, 20, 50, 80, 90]",54,0.218484,1.0910280972166588,-0.00012056898259638177,0.0,71,0.287266,1.2606440037984132,0.1696159065817544,68.78200000000001,,,42,47,20.23,1.1001269176386559,1.0955362203208698,-0.18371942190506246,,58,1.1901256254058328,0.007813399717916,73,1.2482061824493327,-0.0026774527657899222,,,,,,52.598,"[{'halfHeight': 10, 'risingPnt': 56, 'fallingPnt': 106, 'widthPnts': 50, 'widthMs': 202.3}, {'halfHeight': 20, 'risingPnt': 56, 'fallingPnt': 100, 'widthPnts': 44, 'widthMs': 178.024}, {'halfHeight': 50, 'risingPnt': 58, 'fallingPnt': 92, 'widthPnts': 34, 'widthMs': 137.564}, {'halfHeight': 80, 'risingPnt': 59, 'fallingPnt': 81, 'widthPnts': 22, 'widthMs': 89.012}, {'halfHeight': 90, 'risingPnt': 61, 'fallingPnt': 74, 'widthPnts': 13, 'widthMs': 52.598}]",202.3,178.024,137.564,89.012,52.598,feb-15-2022,2
20,20210803a,20210803a,control 2.5_0013.tif,mv,,,Control,0,1,1,True,0,"[{'Spike': 1, 'Seconds': 0.5098, 'Type': 'Pre spike min (mdp)', 'Details': 'Did not find preMinVal: nan'}, {'Spike': 1, 'Seconds': 0.5098, 'Type': 'Fit EDD', 'Details': 'Early diastolic duration rate fit - Too low 2.804<=8'}, {'Spike': 1, 'Seconds': 0.5098, 'Type': 'Spike Width', 'Details': 'Half width 10 error in ""falling point"" with halfWidthWindow_ms:801.1080000000001 searching for Vm:1.08 from peak sec 0.57'}]",,1.15,0,"[10, 20, 50, 80, 90]",126,0.509796,1.0606204111659636,-0.00022601648286422817,0.0,141,0.5704859999999999,1.3028410355235331,0.24222062435756953,60.68999999999991,,,121,123,8.092,1.0494397554087445,1.0660281642411826,2.8039641698521525,,130,1.1486818420912934,0.009649472396735288,143,1.2956115022662327,-0.0007489821351544901,72.0,291.312,3.432745647278519,,,20.23,"[{'halfHeight': 10, 'risingPnt': None, 'fallingPnt': None, 'widthPnts': None, 'widthMs': nan}, {'halfHeight': 20, 'risingPnt': 129, 'fallingPnt': 258, 'widthPnts': 129, 'widthMs': 521.934}, {'halfHeight': 50, 'risingPnt': 131, 'fallingPnt': 185, 'widthPnts': 54, 'widthMs': 218.484}, {'halfHeight': 80, 'risingPnt': 138, 'fallingPnt': 162, 'widthPnts': 24, 'widthMs': 97.104}, {'halfHeight': 90, 'risingPnt': 140, 'fallingPnt': 150, 'widthPnts': 10, 'widthMs': 40.46}]",,521.934,218.484,97.104,40.46,feb-15-2022,2
21,20210803a,20210803a,control 2.5_0013.tif,mv,,,Control,0,2,2,True,0,"[{'Spike': 2, 'Seconds': 1.0884, 'Type': 'Pre spike min (mdp)', 'Details': 'Did not find preMinVal: nan'}, {'Spike': 2, 'Seconds': 1.0884, 'Type': 'Fit EDD', 'Details': 'Early diastolic duration rate fit - preMinPnt == spikePnt'}]",,1.15,0,"[10, 20, 50, 80, 90]",269,1.088374,1.0952478540087898,-4.188850528440306e-05,0.0,280,1.13288,1.2316955220647408,0.136447668055951,44.50600000000016,,,268,268,0.0,1.092069604700081,1.092069604700081,,,273,1.1633049846406593,0.007499272278000298,282,1.2146898453556556,-0.002957116130146223,143.0,578.578,1.7283754307975763,,,4.046,"[{'halfHeight': 10, 'risingPnt': 272, 'fallingPnt': 324, 'widthPnts': 52, 'widthMs': 210.392}, {'halfHeight': 20, 'risingPnt': 272, 'fallingPnt': 323, 'widthPnts': 51, 'widthMs': 206.346}, {'halfHeight': 50, 'risingPnt': 273, 'fallingPnt': 295, 'widthPnts': 22, 'widthMs': 89.012}, {'halfHeight': 80, 'risingPnt': 275, 'fallingPnt': 283, 'widthPnts': 8, 'widthMs': 32.368}, {'halfHeight': 90, 'risingPnt': 278, 'fallingPnt': 282, 'widthPnts': 4, 'widthMs': 16.184}]",210.392,206.346,89.012,32.368,16.184,feb-15-2022,2
22,20210803a,20210803a,control 2.5_0013.tif,mv,,,Control,0,3,3,True,0,"[{'Spike': 3, 'Seconds': 1.3756, 'Type': 'Pre spike min (mdp)', 'Details': 'Did not find preMinVal: nan'}, {'Spike': 3, 'Seconds': 1.3756, 'Type': 'Fit EDD', 'Details': 'Early diastolic duration rate fit - Too low 0.296<=8'}]",,1.15,0,"[10, 20, 50, 80, 90]",340,1.3756400000000002,1.0943554090667553,-0.0022421073493697897,0.0,361,1.460606,1.2662474684837275,0.17189205941697216,84.96599999999988,,,335,337,8.092,1.0987580087603726,1.1167015998485776,0.29574281318842616,,345,1.1832596331667364,0.006336162359232153,363,1.2496230272671842,-0.0024348161320510557,71.0,287.266,3.481094177521878,,,20.23,"[{'halfHeight': 10, 'risingPnt': 342, 'fallingPnt': 393, 'widthPnts': 51, 'widthMs': 206.346}, {'halfHeight': 20, 'risingPnt': 343, 'fallingPnt': 390, 'widthPnts': 47, 'widthMs': 190.162}, {'halfHeight': 50, 'risingPnt': 345, 'fallingPnt': 375, 'widthPnts': 30, 'widthMs': 121.38000000000001}, {'halfHeight': 80, 'risingPnt': 350, 'fallingPnt': 371, 'widthPnts': 21, 'widthMs': 84.96600000000001}, {'halfHeight': 90, 'risingPnt': 351, 'fallingPnt': 364, 'widthPnts': 13, 'widthMs': 52.598}]",206.346,190.162,121.38000000000001,84.96600000000001,52.598,feb-15-2022,2
23,20210803a,20210803a,control 2.5_0013.tif,mv,,,Control,0,4,4,True,0,"[{'Spike': 4, 'Seconds': 1.671, 'Type': 'Pre spike min (mdp)', 'Details': 'Did not find preMinVal: nan'}, {'Spike': 4, 'Seconds': 1.671, 'Type': 'Fit EDD', 'Details': 'Early diastolic duration rate fit - preMinPnt == spikePnt'}, {'Spike': 4, 'Seconds': 1.671, 'Type': 'Spike Width', 'Details': 'Half width 10 error in ""falling point"" with halfWidthWindow_ms:801.1080000000001 searching for Vm:1.04 from peak sec 1.73'}]",,1.15,0,"[10, 20, 50, 80, 90]",413,1.670998,1.0283127675283872,-0.000851723853353056,0.0,427,1.7276420000000001,1.1672954639410738,0.13898269641268657,56.64400000000014,,,412,412,0.0,1.0347847628055709,1.0347847628055709,,,416,1.1019427996626245,0.007574794116350329,429,1.1547255238502743,-0.0017725386742663243,73.0,295.358,3.385721734302101,,,4.046,"[{'halfHeight': 10, 'risingPnt': None, 'fallingPnt': None, 'widthPnts': None, 'widthMs': nan}, {'halfHeight': 20, 'risingPnt': 415, 'fallingPnt': 471, 'widthPnts': 56, 'widthMs': 226.576}, {'halfHeight': 50, 'risingPnt': 416, 'fallingPnt': 456, 'widthPnts': 40, 'widthMs': 161.84}, {'halfHeight': 80, 'risingPnt': 418, 'fallingPnt': 437, 'widthPnts': 19, 'widthMs': 76.87400000000001}, {'halfHeight': 90, 'risingPnt': 422, 'fallingPnt': 433, 'widthPnts': 11, 'widthMs': 44.506}]",,226.576,161.84,76.87400000000001,44.506,feb-15-2022,2
24,20210803a,20210803a,control 2.5_0013.tif,mv,,,Control,0,5,5,True,0,"[{'Spike': 5, 'Seconds': 1.9502, 'Type': 'Pre spike min (mdp)', 'Details': 'Did not find preMinVal: nan'}, {'Spike': 5, 'Seconds': 1.9502, 'Type': 'Fit EDD', 'Details': 'Early diastolic duration rate fit - Too low 1.075<=8'}]",,1.15,0,"[10, 20, 50, 80, 90]",482,1.950172,1.0627766705326407,-0.0010935138415970004,0.0,492,1.990632,1.2224542879341374,0.15967761740149666,40.45999999999994,,,472,477,20.23,1.0558716432107635,1.0727136728420374,1.0746903677639266,,489,1.1686379919667083,0.007256110845220343,496,1.2143639453101325,-0.0011634075320771653,69.0,279.17400000000004,3.5819954580297586,,,44.506,"[{'halfHeight': 10, 'risingPnt': 485, 'fallingPnt': 539, 'widthPnts': 54, 'widthMs': 218.484}, {'halfHeight': 20, 'risingPnt': 486, 'fallingPnt': 533, 'widthPnts': 47, 'widthMs': 190.162}, {'halfHeight': 50, 'risingPnt': 488, 'fallingPnt': 517, 'widthPnts': 29, 'widthMs': 117.334}, {'halfHeight': 80, 'risingPnt': 490, 'fallingPnt': 507, 'widthPnts': 17, 'widthMs': 68.782}, {'halfHeight': 90, 'risingPnt': 491, 'fallingPnt': 505, 'widthPnts': 14, 'widthMs': 56.644}]",218.484,190.162,117.334,68.782,56.644,feb-15-2022,2
25,20210803a,20210803a,control 2.5_0013.tif,mv,,,Control,0,6,6,True,0,"[{'Spike': 6, 'Seconds': 2.2415, 'Type': 'Pre spike min (mdp)', 'Details': 'Did not find preMinVal: nan'}, {'Spike': 6, 'Seconds': 2.2415, 'Type': 'Fit EDD', 'Details': 'Early diastolic duration rate fit - preMinPnt == spikePnt'}]",,1.15,0,"[10, 20, 50, 80, 90]",554,2.241484,1.0425629320065688,-0.0003250421997714846,0.0,571,2.310266,1.26906367812357,0.22650074611700122,68.78200000000012,,,553,553,0.0,1.045132705876549,1.045132705876549,,,560,1.137818614479763,0.008024783925061603,573,1.2507993344732857,-0.002496694709902821,72.0,291.312,3.432745647278519,,,4.046,"[{'halfHeight': 10, 'risingPnt': 558, 'fallingPnt': 693, 'widthPnts': 135, 'widthMs': 546.21}, {'halfHeight': 20, 'risingPnt': 559, 'fallingPnt': 688, 'widthPnts': 129, 'widthMs': 521.934}, {'halfHeight': 50, 'risingPnt': 561, 'fallingPnt': 608, 'widthPnts': 47, 'widthMs': 190.162}, {'halfHeight': 80, 'risingPnt': 565, 'fallingPnt': 584, 'widthPnts': 19, 'widthMs': 76.87400000000001}, {'halfHeight': 90, 'risingPnt': 570, 'fallingPnt': 575, 'widthPnts': 5, 'widthMs': 20.23}]",546.21,521.934,190.162,76.87400000000001,20.23,feb-15-2022,2
26,20210803a,20210803a,control 2.5_0013.tif,mv,,,Control,0,7,7,True,0,"[{'Spike': 7, 'Seconds': 2.5368, 'Type': 'Pre spike min (mdp)', 'Details': 'Did not find preMinVal: nan'}, {'Spike': 7, 'Seconds': 2.5368, 'Type': 'Fit EDD', 'Details': 'Early diastolic duration rate fit - Too low 0.258<=8'}]",,1.15,0,"[10, 20, 50, 80, 90]",627,2.536842,1.1202616208460205,-0.0005025272665448538,0.0,637,2.577302,1.2387722394073095,0.11851061856128897,40.45999999999994,,,624,626,8.092,1.1257700715661052,1.1271754417854472,0.2583177502540621,,632,1.1995085225703737,0.007086378870197706,639,1.2296602285589884,-0.0010983142761162423,73.0,295.358,3.385721734302101,,,12.138,"[{'halfHeight': 10, 'risingPnt': 629, 'fallingPnt': 682, 'widthPnts': 53, 'widthMs': 214.43800000000002}, {'halfHeight': 20, 'risingPnt': 630, 'fallingPnt': 681, 'widthPnts': 51, 'widthMs': 206.346}, {'halfHeight': 50, 'risingPnt': 632, 'fallingPnt': 665, 'widthPnts': 33, 'widthMs': 133.518}, {'halfHeight': 80, 'risingPnt': 633, 'fallingPnt': 652, 'widthPnts': 19, 'widthMs': 76.87400000000001}, {'halfHeight': 90, 'risingPnt': 635, 'fallingPnt': 641, 'widthPnts': 6, 'widthMs': 24.276}]",214.43800000000002,206.346,133.518,76.87400000000001,24.276,feb-15-2022,2
27,20210803a,20210803a,control 2.5_0013.tif,mv,,,Control,0,8,8,True,0,"[{'Spike': 8, 'Seconds': 2.8241, 'Type': 'Pre spike min (mdp)', 'Details': 'Did not find preMinVal: nan'}, {'Spike': 8, 'Seconds': 2.8241, 'Type': 'Fit EDD', 'Details': 'Early diastolic duration rate fit - preMinPnt == spikePnt'}]",,1.15,0,"[10, 20, 50, 80, 90]",698,2.8241080000000003,1.0439020283765743,-0.0006941448004263008,0.0,711,2.876706,1.176214980356452,0.13231295197987758,52.5979999999997,,,697,697,0.0,1.0440777934883256,1.0440777934883256,,,703,1.121021518089382,0.0077418899795948385,713,1.1478297191029003,-0.003272169730563141,71.0,287.266,3.481094177521878,,,4.046,"[{'halfHeight': 10, 'risingPnt': 701, 'fallingPnt': 762, 'widthPnts': 61, 'widthMs': 246.806}, {'halfHeight': 20, 'risingPnt': 702, 'fallingPnt': 754, 'widthPnts': 52, 'widthMs': 210.392}, {'halfHeight': 50, 'risingPnt': 703, 'fallingPnt': 729, 'widthPnts': 26, 'widthMs': 105.196}, {'halfHeight': 80, 'risingPnt': 707, 'fallingPnt': 713, 'widthPnts': 6, 'widthMs': 24.276}, {'halfHeight': 90, 'risingPnt': 709, 'fallingPnt': 712, 'widthPnts': 3, 'widthMs': 12.138}]",246.806,210.392,105.196,24.276,12.138,feb-15-2022,2
28,20210803a,20210803a,control 2.5_0013.tif,mv,,,Control,0,9,9,True,0,"[{'Spike': 9, 'Seconds': 3.1235, 'Type': 'Pre spike min (mdp)', 'Details': 'Did not find preMinVal: nan'}, {'Spike': 9, 'Seconds': 3.1235, 'Type': 'Fit EDD', 'Details': 'Early diastolic duration rate fit - Too low 0.478<=8'}]",,1.15,0,"[10, 20, 50, 80, 90]",772,3.1235120000000003,1.04597957414226,-0.000486397079565827,0.0,783,3.168018,1.2268933489688139,0.1809137748265539,44.505999999999716,,,769,771,8.092,1.047405319816899,1.048024197461754,0.4776731474533143,,775,1.1275395189998432,0.008412886825777524,785,1.213874612665275,-0.0014437062591976546,74.0,299.404,3.3399687378926135,,,12.138,"[{'halfHeight': 10, 'risingPnt': 774, 'fallingPnt': 826, 'widthPnts': 52, 'widthMs': 210.392}, {'halfHeight': 20, 'risingPnt': 774, 'fallingPnt': 825, 'widthPnts': 51, 'widthMs': 206.346}, {'halfHeight': 50, 'risingPnt': 776, 'fallingPnt': 808, 'widthPnts': 32, 'widthMs': 129.472}, {'halfHeight': 80, 'risingPnt': 780, 'fallingPnt': 798, 'widthPnts': 18, 'widthMs': 72.828}, {'halfHeight': 90, 'risingPnt': 782, 'fallingPnt': 789, 'widthPnts': 7, 'widthMs': 28.322}]",210.392,206.346,129.472,72.828,28.322,feb-15-2022,2
29,20210803a,20210803a,control 2.5_0013.tif,mv,,,Control,0,10,10,True,0,"[{'Spike': 10, 'Seconds': 3.4391, 'Type': 'Pre spike min (mdp)', 'Details': 'Did not find preMinVal: nan'}]",,1.15,0,"[10, 20, 50, 80, 90]",850,3.4391,1.141987861590604,-0.0012402069115274048,0.0,923,3.734458,1.1895781690937581,0.04759030750315407,295.35800000000023,,,844,847,12.138,1.017293077868019,1.1143072693726337,8.202224690617262,,918,1.125229049608335,0.00936576058263297,925,1.1748231222811496,-0.0019179610186685382,78.0,315.588,3.168688289795556,,,28.322,"[{'halfHeight': 10, 'risingPnt': 852, 'fallingPnt': 938, 'widthPnts': 86, 'widthMs': 347.956}, {'halfHeight': 20, 'risingPnt': 852, 'fallingPnt': 938, 'widthPnts': 86, 'widthMs': 347.956}, {'halfHeight': 50, 'risingPnt': 921, 'fallingPnt': 929, 'widthPnts': 8, 'widthMs': 32.368}, {'halfHeight': 80, 'risingPnt': 921, 'fallingPnt': 925, 'widthPnts': 4, 'widthMs': 16.184}, {'halfHeight': 90, 'risingPnt': 922, 'fallingPnt': 924, 'widthPnts': 2, 'widthMs': 8.092}]",347.956,347.956,32.368,16.184,8.092,feb-15-2022,2
30,20210803a,20210803a,control 2.5_0013.tif,mv,,,Control,0,11,11,True,0,"[{'Spike': 11, 'Seconds': 3.7021, 'Type': 'Pre spike min (mdp)', 'Details': 'Did not find preMinVal: nan'}, {'Spike': 11, 'Seconds': 3.7021, 'Type': 'Fit EDD', 'Details': 'Early diastolic duration rate fit - Too low 0.95<=8'}]",,1.15,0,"[10, 20, 50, 80, 90]",915,3.70209,1.0569595852844167,-0.0004589969657031239,0.0,923,3.734458,1.1895781690937581,0.13261858380934144,32.36799999999995,,,911,913,8.092,1.0433966098459555,1.0539638571594785,0.9496477194597176,,918,1.125229049608335,0.00936576058263297,925,1.1748231222811496,-0.0019179610186685382,65.0,262.99,3.8024259477546676,,,16.184,"[{'halfHeight': 10, 'risingPnt': 916, 'fallingPnt': 959, 'widthPnts': 43, 'widthMs': 173.978}, {'halfHeight': 20, 'risingPnt': 917, 'fallingPnt': 955, 'widthPnts': 38, 'widthMs': 153.74800000000002}, {'halfHeight': 50, 'risingPnt': 918, 'fallingPnt': 946, 'widthPnts': 28, 'widthMs': 113.288}, {'halfHeight': 80, 'risingPnt': 920, 'fallingPnt': 930, 'widthPnts': 10, 'widthMs': 40.46}, {'halfHeight': 90, 'risingPnt': 921, 'fallingPnt': 925, 'widthPnts': 4, 'widthMs': 16.184}]",173.978,153.74800000000002,113.288,40.46,16.184,feb-15-2022,2
31,20210803a,20210803a,control 2.5_0013.tif,mv,,,Control,0,12,12,True,0,"[{'Spike': 12, 'Seconds': 3.9894, 'Type': 'Pre spike min (mdp)', 'Details': 'Did not find preMinVal: nan'}, {'Spike': 12, 'Seconds': 3.9894, 'Type': 'Fit EDD', 'Details': 'Early diastolic duration rate fit - Too low 0.217<=8'}, {'Spike': 12, 'Seconds': 3.9894, 'Type': 'Spike Width', 'Details': 'Half width 10 error in ""falling point"" with halfWidthWindow_ms:801.1080000000001 searching for Vm:1.04 from peak sec 4.04'}, {'Spike': 12, 'Seconds': 3.9894, 'Type': 'Spike Width', 'Details': 'Half width 20 error in ""falling point"" with halfWidthWindow_ms:801.1080000000001 searching for Vm:1.06 from peak sec 4.04'}, {'Spike': 12, 'Seconds': 3.9894, 'Type': 'Spike Width', 'Details': 'Half width 50 error in ""falling point"" with halfWidthWindow_ms:801.1080000000001 searching for Vm:1.11 from peak sec 4.04'}, {'Spike': 12, 'Seconds': 3.9894, 'Type': 'Spike Width', 'Details': 'Half width 80 error in ""falling point"" with halfWidthWindow_ms:801.1080000000001 searching for Vm:1.17 from peak sec 4.04'}, {'Spike': 12, 'Seconds': 3.9894, 'Type': 'Spike Width', 'Details': 'Half width 90 error in ""falling point"" with halfWidthWindow_ms:801.1080000000001 searching for Vm:1.19 from peak sec 4.04'}]",,1.15,0,"[10, 20, 50, 80, 90]",986,3.9893560000000003,1.0239556372718546,-0.0003377676299121648,0.0,999,4.0419540000000005,1.2028956739155023,0.17894003664364777,52.59800000000014,,,982,984,8.092,1.0189578598050706,1.0254340374125528,0.21667839198923372,,991,1.1400629172611736,0.009232245042450037,999,1.2028956739155023,0.005613950276176642,71.0,287.266,3.481094177521878,,,16.184,"[{'halfHeight': 10, 'risingPnt': None, 'fallingPnt': None, 'widthPnts': None, 'widthMs': nan}, {'halfHeight': 20, 'risingPnt': None, 'fallingPnt': None, 'widthPnts': None, 'widthMs': nan}, {'halfHeight': 50, 'risingPnt': None, 'fallingPnt': None, 'widthPnts': None, 'widthMs': nan}, {'halfHeight': 80, 'risingPnt': None, 'fallingPnt': None, 'widthPnts': None, 'widthMs': nan}, {'halfHeight': 90, 'risingPnt': None, 'fallingPnt': None, 'widthPnts': None, 'widthMs': nan}]",,,,,,feb-15-2022,2
32,20210803a,20210803a,control 2.5_0014.tif,mv,,,Control,0,0,0,True,0,"[{'Spike': 0, 'Seconds': 0.1234, 'Type': 'Pre spike min (mdp)', 'Details': 'Did not find preMinVal: nan'}, {'Spike': 0, 'Seconds': 0.1234, 'Type': 'Fit EDD', 'Details': 'Early diastolic duration rate fit - preMinPnt == spikePnt'}]",,1.11,0,"[10, 20, 50, 80, 90]",28,0.12336799999999999,1.0764236457585206,-0.000487642890803027,0.0,38,0.167428,1.2218918386414042,0.1454681928828836,44.06,,,27,27,0.0,1.0793475235002123,1.0793475235002123,,,30,1.1380383757364663,0.007888198908466067,40,1.210220860689339,-0.001878407273482507,,,,,,4.406,"[{'halfHeight': 10, 'risingPnt': 29, 'fallingPnt': 88, 'widthPnts': 59, 'widthMs': 259.954}, {'halfHeight': 20, 'risingPnt': 30, 'fallingPnt': 82, 'widthPnts': 52, 'widthMs': 229.112}, {'halfHeight': 50, 'risingPnt': 31, 'fallingPnt': 63, 'widthPnts': 32, 'widthMs': 140.992}, {'halfHeight': 80, 'risingPnt': 32, 'fallingPnt': 47, 'widthPnts': 15, 'widthMs': 66.09}, {'halfHeight': 90, 'risingPnt': 33, 'fallingPnt': 41, 'widthPnts': 8, 'widthMs': 35.248}]",259.954,229.112,140.992,66.09,35.248,feb-15-2022,3
33,20210803a,20210803a,control 2.5_0014.tif,mv,,,Control,0,1,1,True,0,"[{'Spike': 1, 'Seconds': 0.4054, 'Type': 'Pre spike min (mdp)', 'Details': 'Did not find preMinVal: nan'}, {'Spike': 1, 'Seconds': 0.4054, 'Type': 'Fit EDD', 'Details': 'Early diastolic duration rate fit - preMinPnt == spikePnt'}]",,1.11,0,"[10, 20, 50, 80, 90]",92,0.405352,1.0617750208149275,-0.0009748208809309252,0.0,109,0.48025399999999996,1.2007501001023262,0.13897507928739872,74.90199999999997,,,91,91,0.0,1.0694452106597847,1.0694452106597847,,,96,1.1173846280960213,0.00640028182476759,111,1.180877341282199,-0.0032343923047671924,64.0,281.984,3.546300499319111,,,4.406,"[{'halfHeight': 10, 'risingPnt': 94, 'fallingPnt': 148, 'widthPnts': 54, 'widthMs': 237.92399999999998}, {'halfHeight': 20, 'risingPnt': 95, 'fallingPnt': 144, 'widthPnts': 49, 'widthMs': 215.894}, {'halfHeight': 50, 'risingPnt': 97, 'fallingPnt': 131, 'widthPnts': 34, 'widthMs': 149.804}, {'halfHeight': 80, 'risingPnt': 100, 'fallingPnt': 112, 'widthPnts': 12, 'widthMs': 52.872}, {'halfHeight': 90, 'risingPnt': 101, 'fallingPnt': 111, 'widthPnts': 10, 'widthMs': 44.059999999999995}]",237.92399999999998,215.894,149.804,52.872,44.059999999999995,feb-15-2022,3
34,20210803a,20210803a,control 2.5_0014.tif,mv,,,Control,0,2,2,True,0,"[{'Spike': 2, 'Seconds': 0.7006, 'Type': 'Pre spike min (mdp)', 'Details': 'Did not find preMinVal: nan'}, {'Spike': 2, 'Seconds': 0.7006, 'Type': 'Fit EDD', 'Details': 'Early diastolic duration rate fit - preMinPnt == spikePnt'}]",,1.11,0,"[10, 20, 50, 80, 90]",159,0.700554,1.0550574237792276,-0.0018008578842657124,0.0,178,0.7842680000000001,1.2015462154964751,0.1464887917172475,83.71400000000007,,,158,158,0.0,1.0634414862176564,1.0634414862176564,,,162,1.123530974519985,0.008281124881042762,180,1.1908409231023454,-0.0012008615240918345,67.0,295.202,3.387510924722732,,,4.406,"[{'halfHeight': 10, 'risingPnt': 161, 'fallingPnt': 283, 'widthPnts': 122, 'widthMs': 537.5319999999999}, {'halfHeight': 20, 'risingPnt': 161, 'fallingPnt': 282, 'widthPnts': 121, 'widthMs': 533.126}, {'halfHeight': 50, 'risingPnt': 163, 'fallingPnt': 203, 'widthPnts': 40, 'widthMs': 176.23999999999998}, {'halfHeight': 80, 'risingPnt': 165, 'fallingPnt': 184, 'widthPnts': 19, 'widthMs': 83.714}, {'halfHeight': 90, 'risingPnt': 172, 'fallingPnt': 183, 'widthPnts': 11, 'widthMs': 48.466}]",537.5319999999999,533.126,176.23999999999998,83.714,48.466,feb-15-2022,3
35,20210803a,20210803a,control 2.5_0014.tif,mv,,,Control,0,3,3,True,0,"[{'Spike': 3, 'Seconds': 0.9914, 'Type': 'Pre spike min (mdp)', 'Details': 'Did not find preMinVal: nan'}, {'Spike': 3, 'Seconds': 0.9914, 'Type': 'Fit EDD', 'Details': 'Early diastolic duration rate fit - preMinPnt == spikePnt'}]",,1.11,0,"[10, 20, 50, 80, 90]",225,0.9913500000000001,1.0910233317867781,-0.00012559242281702716,0.0,233,1.026598,1.2093988140257652,0.11837548223898708,35.247999999999834,,,224,224,0.0,1.089395763288186,1.089395763288186,,,228,1.1484998633523786,0.006820228088357545,235,1.2037754148685316,-0.002086087637142835,66.0,290.796,3.4388368478245916,,,4.406,"[{'halfHeight': 10, 'risingPnt': 227, 'fallingPnt': 273, 'widthPnts': 46, 'widthMs': 202.676}, {'halfHeight': 20, 'risingPnt': 227, 'fallingPnt': 268, 'widthPnts': 41, 'widthMs': 180.646}, {'halfHeight': 50, 'risingPnt': 229, 'fallingPnt': 255, 'widthPnts': 26, 'widthMs': 114.556}, {'halfHeight': 80, 'risingPnt': 230, 'fallingPnt': 240, 'widthPnts': 10, 'widthMs': 44.059999999999995}, {'halfHeight': 90, 'risingPnt': 231, 'fallingPnt': 236, 'widthPnts': 5, 'widthMs': 22.029999999999998}]",202.676,180.646,114.556,44.059999999999995,22.029999999999998,feb-15-2022,3
36,20210803a,20210803a,control 2.5_0014.tif,mv,,,Control,0,4,4,True,0,"[{'Spike': 4, 'Seconds': 1.2733, 'Type': 'Pre spike min (mdp)', 'Details': 'Did not find preMinVal: nan'}, {'Spike': 4, 'Seconds': 1.2733, 'Type': 'Fit EDD', 'Details': 'Early diastolic duration rate fit - preMinPnt == spikePnt'}, {'Spike': 4, 'Seconds': 1.2733, 'Type': 'Spike Width', 'Details': 'Half width 90 error in ""rising point"" with halfWidthWindow_ms:801.8919999999999 searching for Vm:1.17 from peak sec 1.31'}]",,1.11,0,"[10, 20, 50, 80, 90]",289,1.273334,1.04707288084963,-0.0011243012852476936,0.0,297,1.308582,1.17865881949167,0.13158593864204016,35.24799999999995,,,288,288,0.0,1.0531856691602204,1.0531856691602204,,,296,1.1536303141624131,0.0076195951247694255,299,1.1632820851791348,-0.0021282040114268728,64.0,281.984,3.546300499319111,,,4.406,"[{'halfHeight': 10, 'risingPnt': 291, 'fallingPnt': 352, 'widthPnts': 61, 'widthMs': 268.76599999999996}, {'halfHeight': 20, 'risingPnt': 292, 'fallingPnt': 340, 'widthPnts': 48, 'widthMs': 211.488}, {'halfHeight': 50, 'risingPnt': 295, 'fallingPnt': 326, 'widthPnts': 31, 'widthMs': 136.58599999999998}, {'halfHeight': 80, 'risingPnt': 296, 'fallingPnt': 311, 'widthPnts': 15, 'widthMs': 66.09}, {'halfHeight': 90, 'risingPnt': None, 'fallingPnt': None, 'widthPnts': None, 'widthMs': nan}]",268.76599999999996,211.488,136.58599999999998,66.09,,feb-15-2022,3
37,20210803a,20210803a,control 2.5_0014.tif,mv,,,Control,0,5,5,True,0,"[{'Spike': 5, 'Seconds': 1.5729, 'Type': 'Pre spike min (mdp)', 'Details': 'Did not find preMinVal: nan'}, {'Spike': 5, 'Seconds': 1.5729, 'Type': 'Fit EDD', 'Details': 'Early diastolic duration rate fit - preMinPnt == spikePnt'}, {'Spike': 5, 'Seconds': 1.5729, 'Type': 'Spike Width', 'Details': 'Half width 90 error in ""rising point"" with halfWidthWindow_ms:801.8919999999999 searching for Vm:1.18 from peak sec 1.63'}]",,1.11,0,"[10, 20, 50, 80, 90]",357,1.572942,1.047309821468294,-0.001072867114453177,0.0,369,1.6258139999999999,1.1918563102600113,0.14454648879171716,52.87199999999981,,,356,356,0.0,1.0482734732011765,1.0482734732011765,,,359,1.0930755883792314,0.006626607672952605,371,1.1838724029007421,-0.0009605812370244561,68.0,299.608,3.337694587594457,,,4.406,"[{'halfHeight': 10, 'risingPnt': 359, 'fallingPnt': 416, 'widthPnts': 57, 'widthMs': 251.142}, {'halfHeight': 20, 'risingPnt': 359, 'fallingPnt': 409, 'widthPnts': 50, 'widthMs': 220.29999999999998}, {'halfHeight': 50, 'risingPnt': 360, 'fallingPnt': 396, 'widthPnts': 36, 'widthMs': 158.61599999999999}, {'halfHeight': 80, 'risingPnt': 364, 'fallingPnt': 384, 'widthPnts': 20, 'widthMs': 88.11999999999999}, {'halfHeight': 90, 'risingPnt': None, 'fallingPnt': None, 'widthPnts': None, 'widthMs': nan}]",251.142,220.29999999999998,158.61599999999999,88.11999999999999,,feb-15-2022,3
38,20210803a,20210803a,control 2.5_0014.tif,mv,,,Control,0,6,6,True,0,"[{'Spike': 6, 'Seconds': 1.8549, 'Type': 'Pre spike min (mdp)', 'Details': 'Did not find preMinVal: nan'}, {'Spike': 6, 'Seconds': 1.8549, 'Type': 'Fit EDD', 'Details': 'Early diastolic duration rate fit - Too low 1.096<=8'}]",,1.11,0,"[10, 20, 50, 80, 90]",421,1.8549259999999999,1.0604600258041548,-0.0006912784537311508,0.0,438,1.9298279999999999,1.1819539974195836,0.12149397161542885,74.90200000000003,,,416,418,8.812,1.060050210055993,1.0779098634159356,1.0961352283860906,,426,1.1198732672763896,0.005392461238820662,440,1.159459002535925,-0.0028574534750886007,64.0,281.984,3.546300499319111,,,22.029999999999998,"[{'halfHeight': 10, 'risingPnt': 424, 'fallingPnt': 470, 'widthPnts': 46, 'widthMs': 202.676}, {'halfHeight': 20, 'risingPnt': 424, 'fallingPnt': 468, 'widthPnts': 44, 'widthMs': 193.864}, {'halfHeight': 50, 'risingPnt': 426, 'fallingPnt': 452, 'widthPnts': 26, 'widthMs': 114.556}, {'halfHeight': 80, 'risingPnt': 428, 'fallingPnt': 441, 'widthPnts': 13, 'widthMs': 57.278}, {'halfHeight': 90, 'risingPnt': 428, 'fallingPnt': 440, 'widthPnts': 12, 'widthMs': 52.872}]",202.676,193.864,114.556,57.278,52.872,feb-15-2022,3
39,20210803a,20210803a,control 2.5_0014.tif,mv,,,Control,0,7,7,True,0,"[{'Spike': 7, 'Seconds': 2.1457, 'Type': 'Pre spike min (mdp)', 'Details': 'Did not find preMinVal: nan'}, {'Spike': 7, 'Seconds': 2.1457, 'Type': 'Fit EDD', 'Details': 'Early diastolic duration rate fit - preMinPnt == spikePnt'}]",,1.11,0,"[10, 20, 50, 80, 90]",487,2.1457219999999997,1.0367669808502653,-0.00044105308395863145,0.0,497,2.189782,1.1664041337494193,0.129637152899154,44.06000000000043,,,486,486,0.0,1.0304430560763693,1.0304430560763693,,,492,1.1053888737058188,0.006280761136654767,499,1.1559819243798415,-0.0006249328410687327,66.0,290.796,3.4388368478245916,,,4.406,"[{'halfHeight': 10, 'risingPnt': 488, 'fallingPnt': 548, 'widthPnts': 60, 'widthMs': 264.36}, {'halfHeight': 20, 'risingPnt': 491, 'fallingPnt': 541, 'widthPnts': 50, 'widthMs': 220.29999999999998}, {'halfHeight': 50, 'risingPnt': 492, 'fallingPnt': 526, 'widthPnts': 34, 'widthMs': 149.804}, {'halfHeight': 80, 'risingPnt': 494, 'fallingPnt': 514, 'widthPnts': 20, 'widthMs': 88.11999999999999}, {'halfHeight': 90, 'risingPnt': 496, 'fallingPnt': 502, 'widthPnts': 6, 'widthMs': 26.436}]",264.36,220.29999999999998,149.804,88.11999999999999,26.436,feb-15-2022,3
40,20210803a,20210803a,control 2.5_0014.tif,mv,,,Control,0,8,8,True,0,"[{'Spike': 8, 'Seconds': 2.4409, 'Type': 'Pre spike min (mdp)', 'Details': 'Did not find preMinVal: nan'}, {'Spike': 8, 'Seconds': 2.4409, 'Type': 'Fit EDD', 'Details': 'Early diastolic duration rate fit - Too low 0.308<=8'}]",,1.11,0,"[10, 20, 50, 80, 90]",554,2.440924,1.0404149003107932,-7.762027832680502e-05,0.0,564,2.484984,1.1524557801943567,0.11204087988356348,44.05999999999999,,,550,552,8.812,1.0319885088884504,1.036885705387729,0.3082068917420869,,557,1.082252207017967,0.005882921559601859,566,1.1354185548401854,-0.0023340148808828746,67.0,295.202,3.387510924722732,,,17.624,"[{'halfHeight': 10, 'risingPnt': 556, 'fallingPnt': 613, 'widthPnts': 57, 'widthMs': 251.142}, {'halfHeight': 20, 'risingPnt': 557, 'fallingPnt': 599, 'widthPnts': 42, 'widthMs': 185.052}, {'halfHeight': 50, 'risingPnt': 558, 'fallingPnt': 584, 'widthPnts': 26, 'widthMs': 114.556}, {'halfHeight': 80, 'risingPnt': 560, 'fallingPnt': 567, 'widthPnts': 7, 'widthMs': 30.842}, {'halfHeight': 90, 'risingPnt': 562, 'fallingPnt': 565, 'widthPnts': 3, 'widthMs': 13.218}]",251.142,185.052,114.556,30.842,13.218,feb-15-2022,3
41,20210803a,20210803a,control 2.5_0014.tif,mv,,,Control,0,9,9,True,0,"[{'Spike': 9, 'Seconds': 2.7229, 'Type': 'Pre spike min (mdp)', 'Details': 'Did not find preMinVal: nan'}, {'Spike': 9, 'Seconds': 2.7229, 'Type': 'Fit EDD', 'Details': 'Early diastolic duration rate fit - preMinPnt == spikePnt'}]",,1.11,0,"[10, 20, 50, 80, 90]",618,2.722908,1.0340926280197529,-0.0012417983365564436,0.0,634,2.7934039999999998,1.1560930220733567,0.12200039405360386,70.4959999999999,,,617,617,0.0,1.04201170720546,1.04201170720546,,,623,1.0809114078518351,0.005238726663609432,638,1.1365646152575004,-0.0016980447702391946,64.0,281.984,3.546300499319111,,,4.406,"[{'halfHeight': 10, 'risingPnt': 622, 'fallingPnt': 677, 'widthPnts': 55, 'widthMs': 242.32999999999998}, {'halfHeight': 20, 'risingPnt': 622, 'fallingPnt': 672, 'widthPnts': 50, 'widthMs': 220.29999999999998}, {'halfHeight': 50, 'risingPnt': 624, 'fallingPnt': 653, 'widthPnts': 29, 'widthMs': 127.774}, {'halfHeight': 80, 'risingPnt': 626, 'fallingPnt': 641, 'widthPnts': 15, 'widthMs': 66.09}, {'halfHeight': 90, 'risingPnt': 627, 'fallingPnt': 637, 'widthPnts': 10, 'widthMs': 44.059999999999995}]",242.32999999999998,220.29999999999998,127.774,66.09,44.059999999999995,feb-15-2022,3
42,20210803a,20210803a,control 2.5_0014.tif,mv,,,Control,0,10,10,True,0,"[{'Spike': 10, 'Seconds': 3.0181, 'Type': 'Pre spike min (mdp)', 'Details': 'Did not find preMinVal: nan'}, {'Spike': 10, 'Seconds': 3.0181, 'Type': 'Fit EDD', 'Details': 'Early diastolic duration rate fit - preMinPnt == spikePnt'}]",,1.11,0,"[10, 20, 50, 80, 90]",685,3.0181099999999996,1.0195101023903792,-0.0006858867599081825,0.0,695,3.06217,1.1719475781592605,0.15243747576888134,44.06000000000043,,,684,684,0.0,1.0222176319920675,1.0222176319920675,,,690,1.1153884288065887,0.007438077788465981,696,1.156204246880938,-0.00223796260965348,67.0,295.202,3.387510924722732,,,4.406,"[{'halfHeight': 10, 'risingPnt': 687, 'fallingPnt': 738, 'widthPnts': 51, 'widthMs': 224.706}, {'halfHeight': 20, 'risingPnt': 688, 'fallingPnt': 730, 'widthPnts': 42, 'widthMs': 185.052}, {'halfHeight': 50, 'risingPnt': 690, 'fallingPnt': 717, 'widthPnts': 27, 'widthMs': 118.96199999999999}, {'halfHeight': 80, 'risingPnt': 691, 'fallingPnt': 709, 'widthPnts': 18, 'widthMs': 79.30799999999999}, {'halfHeight': 90, 'risingPnt': 693, 'fallingPnt': 696, 'widthPnts': 3, 'widthMs': 13.218}]",224.706,185.052,118.96199999999999,79.30799999999999,13.218,feb-15-2022,3
43,20210803a,20210803a,control 2.5_0014.tif,mv,,,Control,0,11,11,True,0,"[{'Spike': 11, 'Seconds': 3.3133, 'Type': 'Pre spike min (mdp)', 'Details': 'Did not find preMinVal: nan'}, {'Spike': 11, 'Seconds': 3.3133, 'Type': 'Fit EDD', 'Details': 'Early diastolic duration rate fit - Too low 1.858<=8'}]",,1.11,0,"[10, 20, 50, 80, 90]",752,3.313312,1.0094790230012896,-0.0015863515587420307,0.0,768,3.383808,1.1818427726120027,0.1723637496107131,70.49600000000034,,,748,750,8.812,1.0065279428495153,1.0235761000133463,1.8581849184053258,,755,1.077004175697061,0.007611886346198488,770,1.1587377573265365,-0.0021417652630360494,67.0,295.202,3.387510924722732,,,17.624,"[{'halfHeight': 10, 'risingPnt': 754, 'fallingPnt': 879, 'widthPnts': 125, 'widthMs': 550.75}, {'halfHeight': 20, 'risingPnt': 754, 'fallingPnt': 878, 'widthPnts': 124, 'widthMs': 546.3439999999999}, {'halfHeight': 50, 'risingPnt': 756, 'fallingPnt': 811, 'widthPnts': 55, 'widthMs': 242.32999999999998}, {'halfHeight': 80, 'risingPnt': 766, 'fallingPnt': 783, 'widthPnts': 17, 'widthMs': 74.902}, {'halfHeight': 90, 'risingPnt': 767, 'fallingPnt': 770, 'widthPnts': 3, 'widthMs': 13.218}]",550.75,546.3439999999999,242.32999999999998,74.902,13.218,feb-15-2022,3
44,20210803a,20210803a,control 2.5_0014.tif,mv,,,Control,0,12,12,True,0,"[{'Spike': 12, 'Seconds': 3.5865, 'Type': 'Pre spike min (mdp)', 'Details': 'Did not find preMinVal: nan'}, {'Spike': 12, 'Seconds': 3.5865, 'Type': 'Fit EDD', 'Details': 'Early diastolic duration rate fit - RankWarning'}]",,1.11,0,"[10, 20, 50, 80, 90]",814,3.586484,1.1143693553410143,0.003032782027227041,0.0,830,3.65698,1.1926331043161573,0.07826374897514299,70.4959999999999,,,812,813,4.406,1.083967611336032,1.0989616051964224,,,821,1.1401380458754655,0.006209541485531081,832,1.172730855032763,-0.0019232907959340533,62.0,273.17199999999997,3.660697289619727,,,8.812,"[{'halfHeight': 10, 'risingPnt': 821, 'fallingPnt': 858, 'widthPnts': 37, 'widthMs': 163.022}, {'halfHeight': 20, 'risingPnt': 821, 'fallingPnt': 851, 'widthPnts': 30, 'widthMs': 132.18}, {'halfHeight': 50, 'risingPnt': 822, 'fallingPnt': 845, 'widthPnts': 23, 'widthMs': 101.338}, {'halfHeight': 80, 'risingPnt': 823, 'fallingPnt': 832, 'widthPnts': 9, 'widthMs': 39.653999999999996}, {'halfHeight': 90, 'risingPnt': 823, 'fallingPnt': 832, 'widthPnts': 9, 'widthMs': 39.653999999999996}]",163.022,132.18,101.338,39.653999999999996,39.653999999999996,feb-15-2022,3
45,20210803a,20210803a,control 2.5_0014.tif,mv,,,Control,0,13,13,True,0,"[{'Spike': 13, 'Seconds': 3.8949, 'Type': 'Pre spike min (mdp)', 'Details': 'Did not find preMinVal: nan'}, {'Spike': 13, 'Seconds': 3.8949, 'Type': 'Fit EDD', 'Details': 'Early diastolic duration rate fit - Too low 1.512<=8'}]",,1.11,0,"[10, 20, 50, 80, 90]",884,3.894904,1.0208413680015758,-0.0008763361240767144,0.0,894,3.938964,1.1387903825497805,0.11794901454820472,44.05999999999999,,,880,882,8.812,1.0169501522190931,1.023435511856564,1.5115783849055457,,887,1.100447949967903,0.00912920839760027,896,1.1297126586542423,-0.0017396063960225727,70.0,308.42,3.2423318850917577,,,17.624,"[{'halfHeight': 10, 'risingPnt': 886, 'fallingPnt': 941, 'widthPnts': 55, 'widthMs': 242.32999999999998}, {'halfHeight': 20, 'risingPnt': 886, 'fallingPnt': 928, 'widthPnts': 42, 'widthMs': 185.052}, {'halfHeight': 50, 'risingPnt': 887, 'fallingPnt': 916, 'widthPnts': 29, 'widthMs': 127.774}, {'halfHeight': 80, 'risingPnt': 888, 'fallingPnt': 902, 'widthPnts': 14, 'widthMs': 61.684}, {'halfHeight': 90, 'risingPnt': 888, 'fallingPnt': 897, 'widthPnts': 9, 'widthMs': 39.653999999999996}]",242.32999999999998,185.052,127.774,61.684,39.653999999999996,feb-15-2022,3
46,20210803a,20210803a,control 2.5_0014.tif,mv,,,Control,0,14,14,True,0,"[{'Spike': 14, 'Seconds': 4.1857, 'Type': 'Pre spike min (mdp)', 'Details': 'Did not find preMinVal: nan'}, {'Spike': 14, 'Seconds': 4.1857, 'Type': 'Fit EDD', 'Details': 'Early diastolic duration rate fit - Too low 0.598<=8'}, {'Spike': 14, 'Seconds': 4.1857, 'Type': 'Spike Width', 'Details': 'Half width 10 error in ""falling point"" with halfWidthWindow_ms:801.8919999999999 searching for Vm:1.03 from peak sec 4.29'}, {'Spike': 14, 'Seconds': 4.1857, 'Type': 'Spike Width', 'Details': 'Half width 20 error in ""falling point"" with halfWidthWindow_ms:801.8919999999999 searching for Vm:1.04 from peak sec 4.29'}]",,1.11,0,"[10, 20, 50, 80, 90]",950,4.1857,1.021560198043714,-0.000913675726352766,0.0,973,4.287038,1.1247766923648927,0.10321649432117885,101.33800000000015,,,944,947,13.218,1.0144515981415916,1.0255585709836716,0.5978342423175453,,953,1.0712395528127159,0.005802574523414395,977,1.1070328399189004,-0.0032594845768456815,66.0,290.796,3.4388368478245916,,,30.842,"[{'halfHeight': 10, 'risingPnt': None, 'fallingPnt': None, 'widthPnts': None, 'widthMs': nan}, {'halfHeight': 20, 'risingPnt': None, 'fallingPnt': None, 'widthPnts': None, 'widthMs': nan}, {'halfHeight': 50, 'risingPnt': 954, 'fallingPnt': 988, 'widthPnts': 34, 'widthMs': 149.804}, {'halfHeight': 80, 'risingPnt': 954, 'fallingPnt': 978, 'widthPnts': 24, 'widthMs': 105.744}, {'halfHeight': 90, 'risingPnt': 955, 'fallingPnt': 977, 'widthPnts': 22, 'widthMs': 96.932}]",,,149.804,105.744,96.932,feb-15-2022,3
47,20210803a,20210803a,control 2.5_0022.tif,mv,,,Control,0,0,0,True,0,"[{'Spike': 0, 'Seconds': 0.1145, 'Type': 'Pre spike min (mdp)', 'Details': 'Did not find preMinVal: nan'}, {'Spike': 0, 'Seconds': 0.1145, 'Type': 'Fit EDD', 'Details': 'Early diastolic duration rate fit - preMinPnt == spikePnt'}, {'Spike': 0, 'Seconds': 0.1145, 'Type': 'Spike Width', 'Details': 'Half width 10 error in ""falling point"" with halfWidthWindow_ms:801.5699999999999 searching for Vm:1.13 from peak sec 0.26'}]",,1.3,0,"[10, 20, 50, 80, 90]",22,0.11451,1.022109834298944,-0.0008364867091212103,0.0,49,0.25504499999999997,2.1030724000027146,1.0809625657037705,140.53499999999997,,,21,21,0.0,1.0316551772971216,1.0316551772971216,,,26,1.4785783639021364,0.030112026431058533,51,2.1003232931084135,-0.0005687918794789942,,,,,,5.205,"[{'halfHeight': 10, 'risingPnt': None, 'fallingPnt': None, 'widthPnts': None, 'widthMs': nan}, {'halfHeight': 20, 'risingPnt': 25, 'fallingPnt': 176, 'widthPnts': 151, 'widthMs': 785.955}, {'halfHeight': 50, 'risingPnt': 27, 'fallingPnt': 127, 'widthPnts': 100, 'widthMs': 520.5}, {'halfHeight': 80, 'risingPnt': 32, 'fallingPnt': 93, 'widthPnts': 61, 'widthMs': 317.505}, {'halfHeight': 90, 'risingPnt': 36, 'fallingPnt': 74, 'widthPnts': 38, 'widthMs': 197.79}]",,785.955,520.5,317.505,197.79,feb-15-2022,4
48,20210803a,20210803a,control 2.5_0022.tif,mv,,,Control,0,1,1,True,0,"[{'Spike': 1, 'Seconds': 0.9889, 'Type': 'Pre spike min (mdp)', 'Details': 'Did not find preMinVal: nan'}, {'Spike': 1, 'Seconds': 0.9889, 'Type': 'Fit EDD', 'Details': 'Early diastolic duration rate fit - Too low 0.323<=8'}]",,1.3,0,"[10, 20, 50, 80, 90]",190,0.9889499999999999,1.134666080800967,-0.0015398852657989186,0.0,208,1.0826399999999998,1.6831267768753757,0.5484606960744087,93.68999999999994,,,186,188,10.41,1.1339281228145213,1.150236140735804,0.3233254409593321,,194,1.3634006593899035,0.018217620091755184,210,1.6581200112905234,-0.00232811994567103,168.0,874.4399999999999,1.1435890398426423,,,20.82,"[{'halfHeight': 10, 'risingPnt': 192, 'fallingPnt': 350, 'widthPnts': 158, 'widthMs': 822.39}, {'halfHeight': 20, 'risingPnt': 193, 'fallingPnt': 333, 'widthPnts': 140, 'widthMs': 728.7}, {'halfHeight': 50, 'risingPnt': 195, 'fallingPnt': 260, 'widthPnts': 65, 'widthMs': 338.325}, {'halfHeight': 80, 'risingPnt': 198, 'fallingPnt': 232, 'widthPnts': 34, 'widthMs': 176.97}, {'halfHeight': 90, 'risingPnt': 201, 'fallingPnt': 224, 'widthPnts': 23, 'widthMs': 119.715}]",822.39,728.7,338.325,176.97,119.715,feb-15-2022,4
49,20210803a,20210803a,control 2.5_0022.tif,mv,,,Control,0,2,2,True,0,"[{'Spike': 2, 'Seconds': 1.8686, 'Type': 'Pre spike min (mdp)', 'Details': 'Did not find preMinVal: nan'}, {'Spike': 2, 'Seconds': 1.8686, 'Type': 'Fit EDD', 'Details': 'Early diastolic duration rate fit - preMinPnt == spikePnt'}]",,1.3,0,"[10, 20, 50, 80, 90]",359,1.868595,1.1314135561950927,-0.001077335810096197,0.0,390,2.02995,1.9683479266271098,0.8369343704320171,161.3549999999999,,,358,358,0.0,1.141366677239408,1.141366677239408,,,363,1.4077419630186818,0.019927804820689687,392,1.9402841836630755,-0.002606700020788702,169.0,879.645,1.1368222407903188,,,5.205,"[{'halfHeight': 10, 'risingPnt': 362, 'fallingPnt': 488, 'widthPnts': 126, 'widthMs': 655.83}, {'halfHeight': 20, 'risingPnt': 362, 'fallingPnt': 476, 'widthPnts': 114, 'widthMs': 593.37}, {'halfHeight': 50, 'risingPnt': 365, 'fallingPnt': 444, 'widthPnts': 79, 'widthMs': 411.195}, {'halfHeight': 80, 'risingPnt': 372, 'fallingPnt': 418, 'widthPnts': 46, 'widthMs': 239.43}, {'halfHeight': 90, 'risingPnt': 375, 'fallingPnt': 409, 'widthPnts': 34, 'widthMs': 176.97}]",655.83,593.37,411.195,239.43,176.97,feb-15-2022,4
50,20210803a,20210803a,control 2.5_0022.tif,mv,,,Control,0,3,3,True,0,"[{'Spike': 3, 'Seconds': 2.7274, 'Type': 'Pre spike min (mdp)', 'Details': 'Did not find preMinVal: nan'}, {'Spike': 3, 'Seconds': 2.7274, 'Type': 'Fit EDD', 'Details': 'Early diastolic duration rate fit - preMinPnt == spikePnt'}]",,1.3,0,"[10, 20, 50, 80, 90]",524,2.72742,1.0397862948165428,-0.0026241034219631845,0.0,547,2.8471349999999997,1.9562181787142563,0.9164318838977135,119.71499999999979,,,523,523,0.0,1.0551245304102121,1.0551245304102121,,,528,1.4154420230602163,0.02718504440812565,549,1.9183627187660337,-0.0038638489687492514,165.0,858.825,1.164381567839781,,,5.205,"[{'halfHeight': 10, 'risingPnt': 526, 'fallingPnt': 689, 'widthPnts': 163, 'widthMs': 848.415}, {'halfHeight': 20, 'risingPnt': 527, 'fallingPnt': 673, 'widthPnts': 146, 'widthMs': 759.93}, {'halfHeight': 50, 'risingPnt': 529, 'fallingPnt': 623, 'widthPnts': 94, 'widthMs': 489.27}, {'halfHeight': 80, 'risingPnt': 533, 'fallingPnt': 585, 'widthPnts': 52, 'widthMs': 270.65999999999997}, {'halfHeight': 90, 'risingPnt': 539, 'fallingPnt': 573, 'widthPnts': 34, 'widthMs': 176.97}]",848.415,759.93,489.27,270.65999999999997,176.97,feb-15-2022,4
51,20210803a,20210803a,control 2.5_0022.tif,mv,,,Control,0,4,4,True,0,"[{'Spike': 4, 'Seconds': 3.5914, 'Type': 'Pre spike min (mdp)', 'Details': 'Did not find preMinVal: nan'}, {'Spike': 4, 'Seconds': 3.5914, 'Type': 'Fit EDD', 'Details': 'Early diastolic duration rate fit - preMinPnt == spikePnt'}]",,1.3,0,"[10, 20, 50, 80, 90]",690,3.59145,1.1084852558749034,-0.0019846309238979952,0.0,718,3.73719,1.8537638476244784,0.745278591749575,145.73999999999998,,,689,689,0.0,1.1224952058920237,1.1224952058920237,,,697,1.3745542231314127,0.021110614208227452,720,1.8389587110178631,-0.002046762652768192,166.0,864.03,1.1573672210455657,,,5.205,"[{'halfHeight': 10, 'risingPnt': 696, 'fallingPnt': 810, 'widthPnts': 114, 'widthMs': 593.37}, {'halfHeight': 20, 'risingPnt': 696, 'fallingPnt': 800, 'widthPnts': 104, 'widthMs': 541.3199999999999}, {'halfHeight': 50, 'risingPnt': 698, 'fallingPnt': 769, 'widthPnts': 71, 'widthMs': 369.555}, {'halfHeight': 80, 'risingPnt': 703, 'fallingPnt': 743, 'widthPnts': 40, 'widthMs': 208.2}, {'halfHeight': 90, 'risingPnt': 706, 'fallingPnt': 732, 'widthPnts': 26, 'widthMs': 135.32999999999998}]",593.37,541.3199999999999,369.555,208.2,135.32999999999998,feb-15-2022,4
52,20210803a,20210803a,control 2.5_0022.tif,mv,,,Control,0,5,5,True,0,"[{'Spike': 5, 'Seconds': 4.4659, 'Type': 'Pre spike min (mdp)', 'Details': 'Did not find preMinVal: nan'}, {'Spike': 5, 'Seconds': 4.4659, 'Type': 'Fit EDD', 'Details': 'Early diastolic duration rate fit - preMinPnt == spikePnt'}, {'Spike': 5, 'Seconds': 4.4659, 'Type': 'Spike Width', 'Details': 'Half width 10 error in ""falling point"" with halfWidthWindow_ms:801.5699999999999 searching for Vm:1.11 from peak sec 4.63'}, {'Spike': 5, 'Seconds': 4.4659, 'Type': 'Spike Width', 'Details': 'Half width 20 error in ""falling point"" with halfWidthWindow_ms:801.5699999999999 searching for Vm:1.21 from peak sec 4.63'}]",,1.3,0,"[10, 20, 50, 80, 90]",858,4.46589,1.0031665847036668,-0.0008287577801776668,0.0,889,4.627245,2.021860550383964,1.0186939656802971,161.35500000000036,,,857,857,0.0,1.0057044307548448,1.0057044307548448,,,862,1.296468801196562,0.027143725839382453,892,2.016794170054308,-0.0007326839348640395,168.0,874.4399999999999,1.1435890398426423,,,5.205,"[{'halfHeight': 10, 'risingPnt': None, 'fallingPnt': None, 'widthPnts': None, 'widthMs': nan}, {'halfHeight': 20, 'risingPnt': None, 'fallingPnt': None, 'widthPnts': None, 'widthMs': nan}, {'halfHeight': 50, 'risingPnt': 864, 'fallingPnt': 960, 'widthPnts': 96, 'widthMs': 499.68}, {'halfHeight': 80, 'risingPnt': 869, 'fallingPnt': 924, 'widthPnts': 55, 'widthMs': 286.275}, {'halfHeight': 90, 'risingPnt': 874, 'fallingPnt': 911, 'widthPnts': 37, 'widthMs': 192.585}]",,,499.68,286.275,192.585,feb-15-2022,4
53,20210803a,20210803a,thapsi 2.5_0008.tif,mv,,,TG,0,0,0,True,0,"[{'Spike': 0, 'Seconds': 0.0466, 'Type': 'Pre spike min (mdp)', 'Details': 'Did not find preMinVal: nan'}, {'Spike': 0, 'Seconds': 0.0466, 'Type': 'Fit EDD', 'Details': 'Early diastolic duration rate fit - RankWarning'}]",,1.07,0,"[10, 20, 50, 80, 90]",10,0.04665,1.0341380474420756,-0.0007634224240930411,0.0,156,0.72774,1.1751076534452656,0.14096960600318997,681.09,,,8,9,4.665,1.04062254470901,1.0418713359143426,,,80,1.1602102075661076,0.002316932692269365,158,1.163097901408814,-0.0011154067940732045,,,,,,9.33,"[{'halfHeight': 10, 'risingPnt': 12, 'fallingPnt': 245, 'widthPnts': 233, 'widthMs': 1086.945}, {'halfHeight': 20, 'risingPnt': 14, 'fallingPnt': 239, 'widthPnts': 225, 'widthMs': 1049.625}, {'halfHeight': 50, 'risingPnt': 24, 'fallingPnt': 217, 'widthPnts': 193, 'widthMs': 900.345}, {'halfHeight': 80, 'risingPnt': 58, 'fallingPnt': 185, 'widthPnts': 127, 'widthMs': 592.455}, {'halfHeight': 90, 'risingPnt': 74, 'fallingPnt': 161, 'widthPnts': 87, 'widthMs': 405.855}]",1086.945,1049.625,900.345,592.455,405.855,feb-15-2022,5
54,20210803a,20210803a,thapsi 2.5_0008.tif,mv,,,TG,0,1,1,True,0,"[{'Spike': 1, 'Seconds': 1.1989, 'Type': 'Pre spike min (mdp)', 'Details': 'Did not find preMinVal: nan'}, {'Spike': 1, 'Seconds': 1.1989, 'Type': 'Fit EDD', 'Details': 'Early diastolic duration rate fit - preMinPnt == spikePnt'}, {'Spike': 1, 'Seconds': 1.1989, 'Type': 'Spike Width', 'Details': 'Half width 10 error in ""falling point"" with halfWidthWindow_ms:797.715 searching for Vm:1.04 from peak sec 1.87'}, {'Spike': 1, 'Seconds': 1.1989, 'Type': 'Spike Width', 'Details': 'Half width 20 error in ""falling point"" with halfWidthWindow_ms:797.715 searching for Vm:1.05 from peak sec 1.87'}]",,1.07,0,"[10, 20, 50, 80, 90]",257,1.1989049999999999,1.0190646542631807,-0.0005284972330820901,0.0,401,1.870665,1.1921622521853839,0.17309759792220314,671.7600000000001,,,256,256,0.0,1.0218590540734453,1.0218590540734453,,,265,1.0666696390869768,0.0026340102876050812,403,1.1827645082523999,-0.001340991446579744,247.0,1152.2549999999999,0.8678634503647198,,,4.665,"[{'halfHeight': 10, 'risingPnt': None, 'fallingPnt': None, 'widthPnts': None, 'widthMs': nan}, {'halfHeight': 20, 'risingPnt': None, 'fallingPnt': None, 'widthPnts': None, 'widthMs': nan}, {'halfHeight': 50, 'risingPnt': 272, 'fallingPnt': 492, 'widthPnts': 220, 'widthMs': 1026.3}, {'halfHeight': 80, 'risingPnt': 299, 'fallingPnt': 441, 'widthPnts': 142, 'widthMs': 662.43}, {'halfHeight': 90, 'risingPnt': 307, 'fallingPnt': 414, 'widthPnts': 107, 'widthMs': 499.155}]",,,1026.3,662.43,499.155,feb-15-2022,5
55,20210803a,20210803a,thapsi 2.5_0008.tif,mv,,,TG,0,2,2,True,0,"[{'Spike': 2, 'Seconds': 3.2935, 'Type': 'Pre spike min (mdp)', 'Details': 'Did not find preMinVal: nan'}, {'Spike': 2, 'Seconds': 3.2935, 'Type': 'Fit EDD', 'Details': 'Early diastolic duration rate fit - Too low 1.773<=8'}]",,1.07,0,"[10, 20, 50, 80, 90]",706,3.29349,1.0603903137564479,-0.0001390492812637329,0.0,832,3.88128,1.1743070482704816,0.11391673451403372,587.7900000000001,,,695,700,23.325,1.0096921634136766,1.0374482995570213,1.7733853604795515,,792,1.1468891685628329,0.002571678531687697,833,1.1660885558945524,-0.0006199309714366346,449.0,2094.585,0.47742154173738477,,,55.98,"[{'halfHeight': 10, 'risingPnt': 708, 'fallingPnt': 944, 'widthPnts': 236, 'widthMs': 1100.94}, {'halfHeight': 20, 'risingPnt': 709, 'fallingPnt': 934, 'widthPnts': 225, 'widthMs': 1049.625}, {'halfHeight': 50, 'risingPnt': 727, 'fallingPnt': 914, 'widthPnts': 187, 'widthMs': 872.355}, {'halfHeight': 80, 'risingPnt': 801, 'fallingPnt': 839, 'widthPnts': 38, 'widthMs': 177.27}, {'halfHeight': 90, 'risingPnt': 804, 'fallingPnt': 836, 'widthPnts': 32, 'widthMs': 149.28}]",1100.94,1049.625,872.355,177.27,149.28,feb-15-2022,5
56,20210803a,20210803a,thapsi 2.5_0008.tif,mv,,,TG,0,3,3,True,0,"[{'Spike': 3, 'Seconds': 4.4038, 'Type': 'Pre spike min (mdp)', 'Details': 'Did not find preMinVal: nan'}, {'Spike': 3, 'Seconds': 4.4038, 'Type': 'Fit EDD', 'Details': 'Early diastolic duration rate fit - Too low 0.957<=8'}, {'Spike': 3, 'Seconds': 4.4038, 'Type': 'Spike Width', 'Details': 'Half width 10 error in ""falling point"" with halfWidthWindow_ms:797.715 searching for Vm:1.07 from peak sec 4.64'}, {'Spike': 3, 'Seconds': 4.4038, 'Type': 'Spike Width', 'Details': 'Half width 20 error in ""falling point"" with halfWidthWindow_ms:797.715 searching for Vm:1.07 from peak sec 4.64'}, {'Spike': 3, 'Seconds': 4.4038, 'Type': 'Spike Width', 'Details': 'Half width 50 error in ""falling point"" with halfWidthWindow_ms:797.715 searching for Vm:1.09 from peak sec 4.64'}]",,1.07,0,"[10, 20, 50, 80, 90]",944,4.40376,1.0633640329399117,-0.0015983565103124138,0.0,995,4.641675,1.1194592243256878,0.05609519138577612,237.9150000000001,,,940,942,9.33,1.0731558598581252,1.079264483336524,0.9569990264632523,,946,1.076617555538986,0.002028526584819114,997,1.1034685522302325,-0.0017809701879946552,238.0,1110.27,0.900681816134814,,,18.66,"[{'halfHeight': 10, 'risingPnt': None, 'fallingPnt': None, 'widthPnts': None, 'widthMs': nan}, {'halfHeight': 20, 'risingPnt': None, 'fallingPnt': None, 'widthPnts': None, 'widthMs': nan}, {'halfHeight': 50, 'risingPnt': None, 'fallingPnt': None, 'widthPnts': None, 'widthMs': nan}, {'halfHeight': 80, 'risingPnt': 955, 'fallingPnt': 997, 'widthPnts': 42, 'widthMs': 195.93}, {'halfHeight': 90, 'risingPnt': 955, 'fallingPnt': 997, 'widthPnts': 42, 'widthMs': 195.93}]",,,,195.93,195.93,feb-15-2022,5
57,20210803a,20210803a,thapsi 2.5_0017.tif,mv,,,TG,0,0,0,True,0,"[{'Spike': 0, 'Seconds': 0.0579, 'Type': 'Pre spike min (mdp)', 'Details': 'Did not find preMinVal: nan'}, {'Spike': 0, 'Seconds': 0.0579, 'Type': 'Fit EDD', 'Details': 'Early diastolic duration rate fit - Too low 0.57<=8'}]",,1.05,0,"[10, 20, 50, 80, 90]",12,0.05790000000000001,1.0470064719667114,-0.0003451287621854778,0.0,122,0.5886500000000001,1.1414497984407552,0.09444332647404385,530.75,,,7,9,9.65,1.050776051775733,1.0537852674581891,0.5698565888200574,,121,1.1260285147366522,0.0033929700403563055,124,1.133484800290816,-0.0004205890013908199,,,,,,28.950000000000003,"[{'halfHeight': 10, 'risingPnt': 15, 'fallingPnt': 253, 'widthPnts': 238, 'widthMs': 1148.3500000000001}, {'halfHeight': 20, 'risingPnt': 18, 'fallingPnt': 246, 'widthPnts': 228, 'widthMs': 1100.1000000000001}, {'halfHeight': 50, 'risingPnt': 62, 'fallingPnt': 224, 'widthPnts': 162, 'widthMs': 781.6500000000001}, {'halfHeight': 80, 'risingPnt': 88, 'fallingPnt': 127, 'widthPnts': 39, 'widthMs': 188.175}, {'halfHeight': 90, 'risingPnt': 88, 'fallingPnt': 127, 'widthPnts': 39, 'widthMs': 188.175}]",1148.3500000000001,1100.1000000000001,781.6500000000001,188.175,188.175,feb-15-2022,6
58,20210803a,20210803a,thapsi 2.5_0017.tif,mv,,,TG,0,1,1,True,0,"[{'Spike': 1, 'Seconds': 1.3124, 'Type': 'Pre spike min (mdp)', 'Details': 'Did not find preMinVal: nan'}, {'Spike': 1, 'Seconds': 1.3124, 'Type': 'Fit EDD', 'Details': 'Early diastolic duration rate fit - Too low 0.597<=8'}]",,1.05,0,"[10, 20, 50, 80, 90]",272,1.3124,1.0567892899878173,0.0012780780911451717,0.0,404,1.9493000000000003,1.1451458085847137,0.08835651859689642,636.9000000000002,,,268,270,9.65,1.0295602914224256,1.0360880845272167,0.5968089623054891,,280,1.0615892778704605,0.002688424618826463,405,1.1329418994389224,-0.002153705417127742,260.0,1254.5,0.7971303308090874,,,19.3,"[{'halfHeight': 10, 'risingPnt': 283, 'fallingPnt': 478, 'widthPnts': 195, 'widthMs': 940.8750000000001}, {'halfHeight': 20, 'risingPnt': 283, 'fallingPnt': 478, 'widthPnts': 195, 'widthMs': 940.8750000000001}, {'halfHeight': 50, 'risingPnt': 312, 'fallingPnt': 449, 'widthPnts': 137, 'widthMs': 661.0250000000001}, {'halfHeight': 80, 'risingPnt': 331, 'fallingPnt': 406, 'widthPnts': 75, 'widthMs': 361.875}, {'halfHeight': 90, 'risingPnt': 357, 'fallingPnt': 405, 'widthPnts': 48, 'widthMs': 231.60000000000002}]",940.8750000000001,940.8750000000001,661.0250000000001,361.875,231.60000000000002,feb-15-2022,6
59,20210803a,20210803a,thapsi 2.5_0017.tif,mv,,,TG,0,2,2,True,0,"[{'Spike': 2, 'Seconds': 2.4994, 'Type': 'Pre spike min (mdp)', 'Details': 'Did not find preMinVal: nan'}, {'Spike': 2, 'Seconds': 2.4994, 'Type': 'Fit EDD', 'Details': 'Early diastolic duration rate fit - Too low 1.354<=8'}]",,1.05,0,"[10, 20, 50, 80, 90]",518,2.49935,1.0460697570253616,-0.00013264001667932766,0.0,621,2.996325,1.135975998978679,0.08990624195331742,496.97499999999997,,,512,515,14.475000000000001,1.0282252183828948,1.0295877718561404,1.3537177138678336,,586,1.103829733829279,0.002994010847228391,623,1.1198817692206153,-0.003106057636113078,246.0,1186.95,0.8424954715868402,,,33.775000000000006,"[{'halfHeight': 10, 'risingPnt': 521, 'fallingPnt': 717, 'widthPnts': 196, 'widthMs': 945.7}, {'halfHeight': 20, 'risingPnt': 528, 'fallingPnt': 716, 'widthPnts': 188, 'widthMs': 907.1}, {'halfHeight': 50, 'risingPnt': 545, 'fallingPnt': 636, 'widthPnts': 91, 'widthMs': 439.07500000000005}, {'halfHeight': 80, 'risingPnt': 564, 'fallingPnt': 624, 'widthPnts': 60, 'widthMs': 289.5}, {'halfHeight': 90, 'risingPnt': 587, 'fallingPnt': 623, 'widthPnts': 36, 'widthMs': 173.70000000000002}]",945.7,907.1,439.07500000000005,289.5,173.70000000000002,feb-15-2022,6
60,20210803a,20210803a,thapsi 2.5_0017.tif,mv,,,TG,0,3,3,True,0,"[{'Spike': 3, 'Seconds': 3.7008, 'Type': 'Pre spike min (mdp)', 'Details': 'Did not find preMinVal: nan'}, {'Spike': 3, 'Seconds': 3.7008, 'Type': 'Fit EDD', 'Details': 'Early diastolic duration rate fit - Too low 1.616<=8'}]",,1.05,0,"[10, 20, 50, 80, 90]",767,3.700775,1.0544454470114482,0.00035065505583147297,0.0,874,4.21705,1.1095266224815907,0.055081175470142574,516.2750000000003,,,761,764,14.475000000000001,1.031370754327086,1.0347242327657646,1.6159315703901047,,806,1.0917762097341317,0.0033454334082520416,877,1.089811683295574,-0.0018190193382751343,249.0,1201.4250000000002,0.8323449237363962,,,33.775000000000006,"[{'halfHeight': 10, 'risingPnt': 779, 'fallingPnt': 937, 'widthPnts': 158, 'widthMs': 762.35}, {'halfHeight': 20, 'risingPnt': 781, 'fallingPnt': 889, 'widthPnts': 108, 'widthMs': 521.1}, {'halfHeight': 50, 'risingPnt': 806, 'fallingPnt': 884, 'widthPnts': 78, 'widthMs': 376.35}, {'halfHeight': 80, 'risingPnt': 806, 'fallingPnt': 877, 'widthPnts': 71, 'widthMs': 342.57500000000005}, {'halfHeight': 90, 'risingPnt': 849, 'fallingPnt': 876, 'widthPnts': 27, 'widthMs': 130.275}]",762.35,521.1,376.35,342.57500000000005,130.275,feb-15-2022,6
61,20210803a,20210803a,thapsi 2.5_0033.tif,mv,,,TG,0,0,0,True,0,"[{'Spike': 0, 'Seconds': 0.6426, 'Type': 'Pre spike min (mdp)', 'Details': 'Did not find preMinVal: nan'}, {'Spike': 0, 'Seconds': 0.6426, 'Type': 'Fit EDD', 'Details': 'Early diastolic duration rate fit - Too low 0.039<=8'}]",,1.13,0,"[10, 20, 50, 80, 90]",155,0.64263,1.1327073822599356,0.0026017523332438823,0.0,270,1.11942,1.2605347063027066,0.12782732404277097,476.79,,,131,142,45.606,1.1119624910128336,1.107739124163838,0.03870686027019997,,203,1.206588766971811,0.003912570233360487,272,1.2471906502883532,-0.0020364944171107867,,,,,,111.94200000000001,"[{'halfHeight': 10, 'risingPnt': 160, 'fallingPnt': 306, 'widthPnts': 146, 'widthMs': 605.316}, {'halfHeight': 20, 'risingPnt': 161, 'fallingPnt': 305, 'widthPnts': 144, 'widthMs': 597.024}, {'halfHeight': 50, 'risingPnt': 191, 'fallingPnt': 289, 'widthPnts': 98, 'widthMs': 406.308}, {'halfHeight': 80, 'risingPnt': 232, 'fallingPnt': 274, 'widthPnts': 42, 'widthMs': 174.132}, {'halfHeight': 90, 'risingPnt': 269, 'fallingPnt': 272, 'widthPnts': 3, 'widthMs': 12.438}]",605.316,597.024,406.308,174.132,12.438,feb-15-2022,7
62,20210803a,20210803a,thapsi 2.5_0033.tif,mv,,,TG,0,1,1,True,0,"[{'Spike': 1, 'Seconds': 1.5465, 'Type': 'Pre spike min (mdp)', 'Details': 'Did not find preMinVal: nan'}, {'Spike': 1, 'Seconds': 1.5465, 'Type': 'Fit EDD', 'Details': 'Early diastolic duration rate fit - Too low 0.495<=8'}]",,1.13,0,"[10, 20, 50, 80, 90]",373,1.546458,1.1206841391005615,-0.0015651118258871166,0.0,479,1.9859339999999999,1.2379775217057798,0.11729338260521827,439.4759999999998,,,350,360,41.46,1.082194157741418,1.0820162719598243,0.494588297909066,,429,1.2005513585097798,0.0039337925174484515,480,1.2248996387651134,-0.0018906642540839323,218.0,903.828,1.1064052009895688,,,107.796,"[{'halfHeight': 10, 'risingPnt': 375, 'fallingPnt': 521, 'widthPnts': 146, 'widthMs': 605.316}, {'halfHeight': 20, 'risingPnt': 375, 'fallingPnt': 521, 'widthPnts': 146, 'widthMs': 605.316}, {'halfHeight': 50, 'risingPnt': 410, 'fallingPnt': 495, 'widthPnts': 85, 'widthMs': 352.41}, {'halfHeight': 80, 'risingPnt': 456, 'fallingPnt': 489, 'widthPnts': 33, 'widthMs': 136.818}, {'halfHeight': 90, 'risingPnt': 478, 'fallingPnt': 480, 'widthPnts': 2, 'widthMs': 8.292}]",605.316,605.316,352.41,136.818,8.292,feb-15-2022,7
63,20210803a,20210803a,thapsi 2.5_0033.tif,mv,,,TG,0,2,2,True,0,"[{'Spike': 2, 'Seconds': 2.4586, 'Type': 'Pre spike min (mdp)', 'Details': 'Did not find preMinVal: nan'}, {'Spike': 2, 'Seconds': 2.4586, 'Type': 'Fit EDD', 'Details': 'Early diastolic duration rate fit - Too low 0.331<=8'}]",,1.13,0,"[10, 20, 50, 80, 90]",593,2.458578,1.134601188381916,0.00130739329934903,0.0,680,2.81928,1.2257204483420994,0.09111925996018333,360.7019999999999,,,561,575,58.044,1.0656177815851058,1.1024051731108369,0.3305716311415979,,597,1.1284195482050792,0.003532862728822238,681,1.209790929573401,-0.0014181069976893397,220.0,912.12,1.0963469718896637,,,149.256,"[{'halfHeight': 10, 'risingPnt': 606, 'fallingPnt': 726, 'widthPnts': 120, 'widthMs': 497.52}, {'halfHeight': 20, 'risingPnt': 606, 'fallingPnt': 720, 'widthPnts': 114, 'widthMs': 472.644}, {'halfHeight': 50, 'risingPnt': 636, 'fallingPnt': 707, 'widthPnts': 71, 'widthMs': 294.366}, {'halfHeight': 80, 'risingPnt': 656, 'fallingPnt': 685, 'widthPnts': 29, 'widthMs': 120.234}, {'halfHeight': 90, 'risingPnt': 666, 'fallingPnt': 681, 'widthPnts': 15, 'widthMs': 62.19}]",497.52,472.644,294.366,120.234,62.19,feb-15-2022,7
64,20210803a,20210803a,thapsi 2.5_0033.tif,mv,,,TG,0,3,3,True,0,"[{'Spike': 3, 'Seconds': 3.408, 'Type': 'Pre spike min (mdp)', 'Details': 'Did not find preMinVal: nan'}, {'Spike': 3, 'Seconds': 3.408, 'Type': 'Fit EDD', 'Details': 'Early diastolic duration rate fit - Too low 0.314<=8'}]",,1.13,0,"[10, 20, 50, 80, 90]",822,3.4080120000000003,1.1133637239754623,-0.0009636681985657204,0.0,868,3.598728,1.1984525685264538,0.08508884455099142,190.71599999999967,,,772,794,91.212,1.0593157297796965,1.0974975797481181,0.31364557106338165,,836,1.1339558607246105,0.003841356910363841,870,1.1601658227654457,-0.004003615819992778,229.0,949.434,1.0532590996319913,,,232.176,"[{'halfHeight': 10, 'risingPnt': 824, 'fallingPnt': 928, 'widthPnts': 104, 'widthMs': 431.184}, {'halfHeight': 20, 'risingPnt': 824, 'fallingPnt': 927, 'widthPnts': 103, 'widthMs': 427.038}, {'halfHeight': 50, 'risingPnt': 839, 'fallingPnt': 909, 'widthPnts': 70, 'widthMs': 290.22}, {'halfHeight': 80, 'risingPnt': 863, 'fallingPnt': 869, 'widthPnts': 6, 'widthMs': 24.876}, {'halfHeight': 90, 'risingPnt': 863, 'fallingPnt': 869, 'widthPnts': 6, 'widthMs': 24.876}]",431.184,427.038,290.22,24.876,24.876,feb-15-2022,7
65,20210803a,20210803a,thapsi 2.5_0047.tif,mv,,,TG,0,0,0,True,0,"[{'Spike': 0, 'Seconds': 0.7871, 'Type': 'Pre spike min (mdp)', 'Details': 'Did not find preMinVal: nan'}, {'Spike': 0, 'Seconds': 0.7871, 'Type': 'Fit EDD', 'Details': 'Early diastolic duration rate fit - Too low 1.802<=8'}]",,1.08,0,"[10, 20, 50, 80, 90]",168,0.7870799999999999,1.0983148036568826,0.00298368440000456,0.0,260,1.2181,1.2374129520410637,0.1390981483841811,431.0200000000001,,,158,163,23.424999999999997,1.0149348805951122,1.0552566249145445,1.802310741296159,,168,1.0983148036568826,0.00298368440000456,261,1.2140413716788516,-0.002743322655627869,,,,,,51.535,"[{'halfHeight': 10, 'risingPnt': 169, 'fallingPnt': 316, 'widthPnts': 147, 'widthMs': 688.6949999999999}, {'halfHeight': 20, 'risingPnt': 172, 'fallingPnt': 306, 'widthPnts': 134, 'widthMs': 627.79}, {'halfHeight': 50, 'risingPnt': 185, 'fallingPnt': 293, 'widthPnts': 108, 'widthMs': 505.97999999999996}, {'halfHeight': 80, 'risingPnt': 222, 'fallingPnt': 262, 'widthPnts': 40, 'widthMs': 187.39999999999998}, {'halfHeight': 90, 'risingPnt': 222, 'fallingPnt': 261, 'widthPnts': 39, 'widthMs': 182.715}]",688.6949999999999,627.79,505.97999999999996,187.39999999999998,182.715,feb-15-2022,8
66,20210803a,20210803a,thapsi 2.5_0047.tif,mv,,,TG,0,1,1,True,0,"[{'Spike': 1, 'Seconds': 1.5929, 'Type': 'Pre spike min (mdp)', 'Details': 'Did not find preMinVal: nan'}, {'Spike': 1, 'Seconds': 1.5929, 'Type': 'Fit EDD', 'Details': 'Early diastolic duration rate fit - Too low 2.408<=8'}]",,1.08,0,"[10, 20, 50, 80, 90]",340,1.5928999999999998,1.0424828800852803,-5.293595574157948e-06,0.0,440,2.0614,1.2379069962805458,0.19542411619526545,468.5000000000001,,,336,338,9.37,1.0399855740820128,1.0498920952921675,2.407720355738042,,439,1.224486981912563,0.003589781219077953,442,1.2177496726649122,-0.002847172701556731,172.0,805.8199999999999,1.2409719292149612,,,18.74,"[{'halfHeight': 10, 'risingPnt': 346, 'fallingPnt': 511, 'widthPnts': 165, 'widthMs': 773.025}, {'halfHeight': 20, 'risingPnt': 347, 'fallingPnt': 502, 'widthPnts': 155, 'widthMs': 726.175}, {'halfHeight': 50, 'risingPnt': 358, 'fallingPnt': 482, 'widthPnts': 124, 'widthMs': 580.9399999999999}, {'halfHeight': 80, 'risingPnt': 388, 'fallingPnt': 448, 'widthPnts': 60, 'widthMs': 281.09999999999997}, {'halfHeight': 90, 'risingPnt': 425, 'fallingPnt': 442, 'widthPnts': 17, 'widthMs': 79.645}]",773.025,726.175,580.9399999999999,281.09999999999997,79.645,feb-15-2022,8
67,20210803a,20210803a,thapsi 2.5_0047.tif,mv,,,TG,0,2,2,True,0,"[{'Spike': 2, 'Seconds': 2.5252, 'Type': 'Pre spike min (mdp)', 'Details': 'Did not find preMinVal: nan'}, {'Spike': 2, 'Seconds': 2.5252, 'Type': 'Fit EDD', 'Details': 'Early diastolic duration rate fit - Too low 0.317<=8'}]",,1.08,0,"[10, 20, 50, 80, 90]",539,2.5252149999999998,1.0692791675839768,-0.000612361157436841,0.0,643,3.012455,1.2369131142602219,0.1676339466762451,487.24000000000035,,,524,530,28.11,1.018729360508904,1.0265134178417894,0.31713345459356695,,552,1.1443006036870091,0.0034103333639030615,645,1.221822387402523,-0.0025705039402467407,199.0,932.3149999999999,1.0725988533918258,,,79.645,"[{'halfHeight': 10, 'risingPnt': 541, 'fallingPnt': 702, 'widthPnts': 161, 'widthMs': 754.285}, {'halfHeight': 20, 'risingPnt': 543, 'fallingPnt': 696, 'widthPnts': 153, 'widthMs': 716.805}, {'halfHeight': 50, 'risingPnt': 553, 'fallingPnt': 672, 'widthPnts': 119, 'widthMs': 557.515}, {'halfHeight': 80, 'risingPnt': 602, 'fallingPnt': 655, 'widthPnts': 53, 'widthMs': 248.30499999999998}, {'halfHeight': 90, 'risingPnt': 607, 'fallingPnt': 646, 'widthPnts': 39, 'widthMs': 182.715}]",754.285,716.805,557.515,248.30499999999998,182.715,feb-15-2022,8
68,20210803a,20210803a,thapsi 2.5_0047.tif,mv,,,TG,0,3,3,True,0,"[{'Spike': 3, 'Seconds': 3.3685, 'Type': 'Pre spike min (mdp)', 'Details': 'Did not find preMinVal: nan'}, {'Spike': 3, 'Seconds': 3.3685, 'Type': 'Fit EDD', 'Details': 'Early diastolic duration rate fit - Too low -0.492<=8'}]",,1.08,0,"[10, 20, 50, 80, 90]",719,3.368515,1.069242088919272,-0.00010193417594714217,0.0,769,3.6027649999999998,1.2000208567488955,0.1307787678296235,234.24999999999986,,,714,716,9.37,1.061401834235194,1.0735598704564144,-0.4915853850952618,,721,1.0990607221069943,0.0029255793934868757,771,1.190125777782927,-0.0014698741758528268,180.0,843.3,1.185817621249852,,,28.11,"[{'halfHeight': 10, 'risingPnt': 720, 'fallingPnt': 823, 'widthPnts': 103, 'widthMs': 482.55499999999995}, {'halfHeight': 20, 'risingPnt': 721, 'fallingPnt': 818, 'widthPnts': 97, 'widthMs': 454.445}, {'halfHeight': 50, 'risingPnt': 730, 'fallingPnt': 805, 'widthPnts': 75, 'widthMs': 351.375}, {'halfHeight': 80, 'risingPnt': 747, 'fallingPnt': 780, 'widthPnts': 33, 'widthMs': 154.605}, {'halfHeight': 90, 'risingPnt': 754, 'fallingPnt': 772, 'widthPnts': 18, 'widthMs': 84.33}]",482.55499999999995,454.445,351.375,154.605,84.33,feb-15-2022,8
69,20210803a,20210803a,thapsi 2.5_0047.tif,mv,,,TG,0,4,4,True,0,"[{'Spike': 4, 'Seconds': 3.9307, 'Type': 'Pre spike min (mdp)', 'Details': 'Did not find preMinVal: nan'}, {'Spike': 4, 'Seconds': 3.9307, 'Type': 'Fit EDD', 'Details': 'Early diastolic duration rate fit - Too low 2.388<=8'}]",,1.08,0,"[10, 20, 50, 80, 90]",839,3.9307149999999997,1.0517537049696992,-0.00017268798750776136,0.0,930,4.35705,1.1692507792313123,0.11749707426161304,426.3350000000004,,,834,836,9.37,1.0587633106612744,1.0702330741689159,2.3879036000716227,,844,1.0907805927951513,0.0036257278510630395,932,1.1531831164617676,-0.0018175635042487598,120.0,562.1999999999999,1.778726431874778,,,28.11,"[{'halfHeight': 10, 'risingPnt': 843, 'fallingPnt': 965, 'widthPnts': 122, 'widthMs': 571.5699999999999}, {'halfHeight': 20, 'risingPnt': 843, 'fallingPnt': 963, 'widthPnts': 120, 'widthMs': 562.1999999999999}, {'halfHeight': 50, 'risingPnt': 846, 'fallingPnt': 950, 'widthPnts': 104, 'widthMs': 487.23999999999995}, {'halfHeight': 80, 'risingPnt': 863, 'fallingPnt': 935, 'widthPnts': 72, 'widthMs': 337.32}, {'halfHeight': 90, 'risingPnt': 883, 'fallingPnt': 932, 'widthPnts': 49, 'widthMs': 229.565}]",571.5699999999999,562.1999999999999,487.23999999999995,337.32,229.565,feb-15-2022,8
